Datetime,kobuki_bat,powerbank_bat,position_x,position_y,cpu_usage,ram_usage,completed_service_name,completed_service_duration
15/11/2023 19:51:37.120737,,,1.127410851,1.112717294,,,,
15/11/2023 19:51:37.150578,,,1.127410848,1.112717296,,,,
15/11/2023 19:51:37.160755,,,1.127410846,1.112717298,,,,
15/11/2023 19:51:37.178664,,,1.12997734,1.115561756,,,,
15/11/2023 19:51:37.199178,,,1.129977348,1.115561783,,,,
15/11/2023 19:51:37.199987,,,1.129977351,1.115561794,,,,
15/11/2023 19:51:37.209234,,,1.129977353,1.115561802,,,,
15/11/2023 19:51:37.219315,,,1.129977356,1.115561811,,,,
15/11/2023 19:51:37.219502,,,,,,,,
15/11/2023 19:51:37.219615,,,,,,,,
15/11/2023 19:51:37.229517,,,1.12997736,1.115561825,,,,
15/11/2023 19:51:37.376113,,,,,,,,
15/11/2023 19:51:37.376577,,,,,,,,
15/11/2023 19:51:37.391195,,,,,,,,
15/11/2023 19:51:37.391311,,,,,,,,
15/11/2023 19:51:37.754689,,,1.127410854,1.112717293,,,,
15/11/2023 19:51:40.296488,,,1.128185978,1.09745862,,,,
15/11/2023 19:51:40.321212,,,1.128185978,1.097458617,,,,
15/11/2023 19:51:40.358922,,,1.128185973,1.097458598,,,,
15/11/2023 19:51:40.383766,,,1.128185969,1.09745858,,,,
15/11/2023 19:51:40.461495,,,1.128185964,1.097458562,,,,
15/11/2023 19:51:40.462317,,,1.128185961,1.097458547,,,,
15/11/2023 19:51:40.491428,,,1.128185951,1.097458508,,,,
15/11/2023 19:51:40.518800,,,1.128185947,1.097458493,,,,
15/11/2023 19:51:40.556299,,,1.128185947,1.097458492,,,,
15/11/2023 19:51:40.581424,,,1.128185944,1.097458478,,,,
15/11/2023 19:51:40.591314,,,,,,,,
15/11/2023 19:51:40.591430,,,,,,,,
15/11/2023 19:51:40.656439,,,,,,,,
15/11/2023 19:51:40.656560,,,,,,,,
15/11/2023 19:51:40.657235,,,,,,,,
15/11/2023 19:51:40.657330,,,,,,,,
15/11/2023 19:51:42.631468,,,1.125988457,1.109144429,,,,
15/11/2023 19:51:42.673112,,,1.125988452,1.109144449,,,,
15/11/2023 19:51:42.685251,,,1.12598844,1.109144499,,,,
15/11/2023 19:51:42.687938,,,1.125988439,1.109144504,,,,
15/11/2023 19:51:42.692467,,,1.125988439,1.109144505,,,,
15/11/2023 19:51:42.695109,,,1.125988435,1.109144522,,,,
15/11/2023 19:51:42.715450,,,1.125988431,1.109144537,,,,
15/11/2023 19:51:42.740572,,,1.125988427,1.109144552,,,,
15/11/2023 19:51:42.782867,,,1.132470746,1.115497041,,,,
15/11/2023 19:51:42.785555,,,1.132470761,1.115497084,,,,
15/11/2023 19:51:42.809666,,,,,,,,
15/11/2023 19:51:42.810019,,,,,,,,
15/11/2023 19:51:42.904608,76.9697,31.34,,,97,8.18737152,,
15/11/2023 19:51:42.904806,,,,,,,,
15/11/2023 19:51:42.904927,,,,,,,,
15/11/2023 19:51:42.912030,,,,,,,/IP_10_3_0_8/release_trolley,12771
15/11/2023 19:51:43.190388,,,,,,,/IP_10_3_0_8/rosping_service,1207
15/11/2023 19:51:45.330651,,,,,,,/IP_10_3_0_8/move_camera,2415
15/11/2023 19:51:45.725562,,,1.123841321,1.109772555,,,,
15/11/2023 19:51:45.747723,,,1.123841315,1.109772555,,,,
15/11/2023 19:51:45.861673,,,,,,,,
15/11/2023 19:51:45.861816,,,,,,,,
15/11/2023 19:51:45.874256,,,1.123841307,1.109772556,,,,
15/11/2023 19:51:45.876682,,,1.123841302,1.109772556,,,,
15/11/2023 19:51:45.877890,,,1.123841296,1.109772556,,,,
15/11/2023 19:51:45.879092,,,1.123841289,1.109772556,,,,
15/11/2023 19:51:45.880295,,,1.123841273,1.109772557,,,,
15/11/2023 19:51:45.884341,,,1.123841268,1.109772557,,,,
15/11/2023 19:51:45.894430,76.9697,31.41,,,96.5,8.18737152,,
15/11/2023 19:51:45.895089,,,1.123841269,1.109772557,,,,
15/11/2023 19:51:45.895358,,,,,,,,
15/11/2023 19:51:46.204745,76.9697,31.41,,,97.8,8.18737152,,
15/11/2023 19:51:46.205343,,,,,,,,
15/11/2023 19:51:46.357866,,,,,,,,
15/11/2023 19:51:46.421030,,,1.123841264,1.109772557,,,,
15/11/2023 19:51:46.426645,,,,,,,,
15/11/2023 19:51:46.522998,,,,,,,,
15/11/2023 19:51:46.685275,,,,,,,,
15/11/2023 19:51:46.870856,,,,,,,,
15/11/2023 19:51:47.198179,,,,,,,,
15/11/2023 19:51:47.375335,,,,,,,,
15/11/2023 19:51:47.405322,,,,,,,,
15/11/2023 19:51:47.542999,,,,,,,,
15/11/2023 19:51:47.543566,,,,,,,,
15/11/2023 19:51:47.545816,,,,,,,,
15/11/2023 19:51:47.546166,,,,,,,,
15/11/2023 19:51:47.548464,,,,,,,,
15/11/2023 19:51:47.548802,,,,,,,,
15/11/2023 19:51:48.687812,,,1.129522237,1.112369574,,,,
15/11/2023 19:51:48.715539,,,1.129522237,1.112369574,,,,
15/11/2023 19:51:48.742987,,,1.129522238,1.112369589,,,,
15/11/2023 19:51:48.762720,,,1.12952224,1.112369605,,,,
15/11/2023 19:51:48.765436,,,1.129522241,1.112369619,,,,
15/11/2023 19:51:48.775464,,,1.129522245,1.112369653,,,,
15/11/2023 19:51:48.778097,,,1.129522245,1.112369649,,,,
15/11/2023 19:51:48.782537,,,1.129522248,1.11236968,,,,
15/11/2023 19:51:48.785221,,,1.129522249,1.112369693,,,,
15/11/2023 19:51:48.787825,,,1.129522251,1.112369711,,,,
15/11/2023 19:51:48.897614,,,,,,,,
15/11/2023 19:51:48.897974,,,,,,,,
15/11/2023 19:51:49.274217,,,,,,,,
15/11/2023 19:51:49.278033,,,,,,,,
15/11/2023 19:51:49.505193,,,,,,,/IP_10_3_0_8/move_robot,4172
15/11/2023 19:51:51.734085,,,,,,,,
15/11/2023 19:51:51.734226,,,,,,,,
15/11/2023 19:51:51.736527,,,1.134141655,1.106818475,,,,
15/11/2023 19:51:51.737596,,,1.134141651,1.106818474,,,,
15/11/2023 19:51:51.752489,,,1.134141655,1.106818475,,,,
15/11/2023 19:51:51.754239,,,1.134141658,1.106818476,,,,
15/11/2023 19:51:51.765290,,,1.135978448,1.080222663,,,,
15/11/2023 19:51:51.767950,,,1.135978457,1.080222586,,,,
15/11/2023 19:51:51.785376,,,1.135978467,1.080222514,,,,
15/11/2023 19:51:51.788080,,,1.135978472,1.08022247,,,,
15/11/2023 19:51:51.790667,,,1.135978478,1.080222428,,,,
15/11/2023 19:51:51.802416,,,1.135978479,1.080222415,,,,
15/11/2023 19:51:51.852285,,,,,,,,
15/11/2023 19:51:52.250938,,,,,,,,
15/11/2023 19:51:52.380162,,,,,,,,
15/11/2023 19:51:52.499731,,,,,,,/IP_10_3_0_8/move_camera,2515
15/11/2023 19:51:52.499978,,,,,,,,
15/11/2023 19:51:52.500062,,,,,,,,
15/11/2023 19:51:52.500762,,,,,,,,
15/11/2023 19:51:52.500861,,,,,,,,
15/11/2023 19:51:52.633034,,,,,,,,
15/11/2023 19:51:54.162826,76.9697,31.36,,,96,8.18737152,,
15/11/2023 19:51:54.164531,,,1.014013722,1.031135617,,,,
15/11/2023 19:51:54.164865,,,,,,,,
15/11/2023 19:51:54.225049,,,,,,,,
15/11/2023 19:51:54.259137,76.9697,31.11,,,98.2,8.18737152,,
15/11/2023 19:51:54.260869,,,0.994718174,1.020035552,,,,
15/11/2023 19:51:54.261261,,,,,,,,
15/11/2023 19:51:54.261537,,,,,,,,
15/11/2023 19:51:54.261885,,,1.074543066,1.058803754,,,,
15/11/2023 19:51:54.264209,,,0.988106036,1.016039259,,,,
15/11/2023 19:51:54.265364,,,,,,,,
15/11/2023 19:51:54.266845,,,0.974682216,1.007660616,,,,
15/11/2023 19:51:54.269529,,,0.960377975,0.998349374,,,,
15/11/2023 19:51:54.291861,,,1.064678368,1.055160644,,,,
15/11/2023 19:51:54.309350,76.9697,31.11,,,95.1,8.18737152,,
15/11/2023 19:51:54.309546,,,,,,,,
15/11/2023 19:51:54.309664,,,,,,,,
15/11/2023 19:51:54.318369,,,1.054492646,1.050983504,,,,
15/11/2023 19:51:54.704058,,,1.043576879,1.046082507,,,,
15/11/2023 19:51:54.830169,,,1.032143009,1.040534133,,,,
15/11/2023 19:51:54.855389,,,,,,,,
15/11/2023 19:51:55.673368,,,0.792450696,0.69653181,,,,
15/11/2023 19:51:55.747901,,,0.783883548,0.685921756,,,,
15/11/2023 19:51:55.750707,,,0.766490458,0.664299583,,,,
15/11/2023 19:51:55.836490,,,0.749378385,0.642960503,,,,
15/11/2023 19:51:55.837260,,,0.732221141,0.621527911,,,,
15/11/2023 19:51:55.838054,,,0.715283525,0.600304744,,,,
15/11/2023 19:51:55.838780,,,0.698420708,0.579103328,,,,
15/11/2023 19:51:55.839492,,,0.673377317,0.547553674,,,,
15/11/2023 19:51:55.840281,,,0.656563747,0.526269417,,,,
15/11/2023 19:51:55.841070,,,0.640525832,0.505938755,,,,
15/11/2023 19:51:55.917831,,,,,,,,
15/11/2023 19:51:55.918206,,,,,,,,
15/11/2023 19:51:56.117661,,,,,,,,
15/11/2023 19:51:56.118053,,,,,,,,
15/11/2023 19:51:57.300761,,,0.261046502,-0.019206779,,,,
15/11/2023 19:51:57.303394,,,0.251755925,-0.026876305,,,,
15/11/2023 19:51:57.350383,,,0.243179419,-0.034067349,,,,
15/11/2023 19:51:57.353061,,,0.231407674,-0.044277207,,,,
15/11/2023 19:51:57.355695,,,0.221025451,-0.053847856,,,,
15/11/2023 19:51:57.358298,,,0.207065082,-0.221930661,,,,
15/11/2023 19:51:57.395540,,,0.202236559,-0.227875578,,,,
15/11/2023 19:51:57.398186,,,0.197919075,-0.233465673,,,,
15/11/2023 19:51:57.400825,,,0.194937034,-0.237608405,,,,
15/11/2023 19:51:57.403444,,,0.192391453,-0.241486542,,,,
15/11/2023 19:51:57.615101,,,,,,,,
15/11/2023 19:51:57.615520,,,,,,,,
15/11/2023 19:51:59.101584,,,0.040206018,-0.296608277,,,,
15/11/2023 19:51:59.102396,,,0.040576209,-0.294682852,,,,
15/11/2023 19:51:59.103187,,,0.040752511,-0.293745029,,,,
15/11/2023 19:51:59.104128,,,0.040787052,-0.293534372,,,,
15/11/2023 19:51:59.104916,,,0.040784451,-0.293535474,,,,
15/11/2023 19:51:59.141412,,,0.040780536,-0.293553275,,,,
15/11/2023 19:51:59.163933,,,0.039777355,-0.298799194,,,,
15/11/2023 19:51:59.166370,,,0.040781305,-0.293544278,,,,
15/11/2023 19:51:59.166489,,,,,,,,
15/11/2023 19:51:59.166565,,,,,,,,
15/11/2023 19:51:59.167326,,,0.040781823,-0.29353704,,,,
15/11/2023 19:51:59.168084,,,0.015710346,-0.314468647,,,,
15/11/2023 19:51:59.318872,,,,,,,,
15/11/2023 19:51:59.318988,,,,,,,,
15/11/2023 19:51:59.383703,,,0.015714746,-0.314442941,,,,
15/11/2023 19:52:01.239949,,,,,,,/IP_10_3_0_8/rosping_service,1207
15/11/2023 19:52:01.343028,,,0.017998533,-0.291195389,,,,
15/11/2023 19:52:01.345665,,,0.017998654,-0.291193768,,,,
15/11/2023 19:52:01.348260,,,0.017998813,-0.291191636,,,,
15/11/2023 19:52:01.350839,,,0.009375824,-0.296659652,,,,
15/11/2023 19:52:01.353468,,,0.009376217,-0.296654898,,,,
15/11/2023 19:52:01.356084,,,0.009376906,-0.296646572,,,,
15/11/2023 19:52:01.412782,,,0.009377607,-0.296638114,,,,
15/11/2023 19:52:01.415361,,,0.009378294,-0.29662981,,,,
15/11/2023 19:52:01.479138,,,0.009378922,-0.296622235,,,,
15/11/2023 19:52:01.481460,,,0.009380352,-0.296604989,,,,
15/11/2023 19:52:01.542342,,,,,,,,
15/11/2023 19:52:01.542715,,,,,,,,
15/11/2023 19:52:01.603267,,,,,,,,
15/11/2023 19:52:01.603647,,,,,,,,
15/11/2023 19:52:01.603972,,,,,,,,
15/11/2023 19:52:01.680646,,,,,,,,
15/11/2023 19:52:01.720937,,,,,,,/IP_10_3_0_8/move_robot,9044
15/11/2023 19:52:01.748835,,,,,,,,
15/11/2023 19:52:01.781729,,,,,,,,
15/11/2023 19:52:01.865167,,,,,,,,
15/11/2023 19:52:01.932948,,,,,,,,
15/11/2023 19:52:02.128156,,,,,,,,
15/11/2023 19:52:02.253032,,,,,,,,
15/11/2023 19:52:02.544115,,,,,,,,
15/11/2023 19:52:03.316873,,,0.020264503,-0.286424912,,,,
15/11/2023 19:52:03.355251,,,0.020264524,-0.286424645,,,,
15/11/2023 19:52:03.370681,,,0.020264967,-0.286419475,,,,
15/11/2023 19:52:03.400413,,,0.020265125,-0.286417606,,,,
15/11/2023 19:52:03.436387,,,0.020265138,-0.286417436,,,,
15/11/2023 19:52:03.437358,,,0.020265272,-0.286415855,,,,
15/11/2023 19:52:03.438187,,,,,,,/IP_10_3_0_8/move_camera,2364
15/11/2023 19:52:03.476870,,,0.020265411,-0.286414221,,,,
15/11/2023 19:52:03.504964,,,,,,,,
15/11/2023 19:52:03.506979,,,0.020265535,-0.286412764,,,,
15/11/2023 19:52:03.507315,,,,,,,,
15/11/2023 19:52:03.509171,,,0.020265652,-0.286411385,,,,
15/11/2023 19:52:03.518741,,,0.020265764,-0.286410069,,,,
15/11/2023 19:52:03.647385,76.9697,31.38,,,97.5,8.18737152,,
15/11/2023 19:52:03.723038,76.9697,31.64,,,96.7,8.18737152,,
15/11/2023 19:52:03.723417,,,,,,,,
15/11/2023 19:52:03.723736,,,,,,,,
15/11/2023 19:52:04.699118,,,,,,,/IP_10_3_0_8/object_detection,1257
15/11/2023 19:52:05.210777,,,0.02039093,-0.291280535,,,,
15/11/2023 19:52:05.213436,,,0.020391034,-0.291279326,,,,
15/11/2023 19:52:05.269394,76.9697,31.64,,,97.3,8.18737152,,
15/11/2023 19:52:05.269815,,,0.020391022,-0.291279457,,,,
15/11/2023 19:52:05.269952,,,,,,,,
15/11/2023 19:52:05.331195,,,0.020391019,-0.291279498,,,,
15/11/2023 19:52:05.331445,,,,,,,,
15/11/2023 19:52:05.391751,,,0.020391046,-0.291279178,,,,
15/11/2023 19:52:05.392345,,,,,,,,
15/11/2023 19:52:05.454622,,,0.020391072,-0.291278876,,,,
15/11/2023 19:52:05.455229,,,,,,,,
15/11/2023 19:52:05.488282,,,0.020391098,-0.291278582,,,,
15/11/2023 19:52:05.488841,,,,,,,,
15/11/2023 19:52:05.489132,,,,,,,,
15/11/2023 19:52:05.491935,,,0.020391122,-0.291278302,,,,
15/11/2023 19:52:05.492297,,,,,,,,
15/11/2023 19:52:05.492561,,,,,,,,
15/11/2023 19:52:05.495150,,,0.020391144,-0.291278041,,,,
15/11/2023 19:52:05.497779,,,0.023245211,-0.282678851,,,,
15/11/2023 19:52:06.953129,,,0.016610559,-0.290304722,,,,
15/11/2023 19:52:06.960088,,,0.01661057,-0.290304395,,,,
15/11/2023 19:52:06.967568,,,0.016610584,-0.290304039,,,,
15/11/2023 19:52:06.992734,,,0.016610586,-0.290303959,,,,
15/11/2023 19:52:06.995402,,,0.016610593,-0.29030376,,,,
15/11/2023 19:52:06.997122,,,0.01661061,-0.290303287,,,,
15/11/2023 19:52:06.998872,,,0.016610617,-0.290303097,,,,
15/11/2023 19:52:07.135030,,,,,,,/IP_10_3_0_8/move_camera,2313
15/11/2023 19:52:07.190787,,,0.016610628,-0.290302769,,,,
15/11/2023 19:52:07.192011,,,,,,,,
15/11/2023 19:52:07.192778,,,,,,,,
15/11/2023 19:52:07.220444,,,,,,,,
15/11/2023 19:52:07.220807,,,,,,,,
15/11/2023 19:52:07.870571,,,0.016610618,-0.290303076,,,,
15/11/2023 19:52:07.949432,,,0.016610623,-0.290302919,,,,
15/11/2023 19:52:08.720976,,,0.018325613,-0.288461855,,,,
15/11/2023 19:52:08.738134,,,0.018325619,-0.28846178,,,,
15/11/2023 19:52:08.744617,,,,,,,,
15/11/2023 19:52:08.839807,,,0.018325633,-0.288461596,,,,
15/11/2023 19:52:08.840212,,,,,,,,
15/11/2023 19:52:08.920700,,,0.018325631,-0.288461621,,,,
15/11/2023 19:52:08.920899,,,,,,,,
15/11/2023 19:52:09.104593,,,0.018325642,-0.288461473,,,,
15/11/2023 19:52:09.131186,,,0.018325643,-0.288461458,,,,
15/11/2023 19:52:09.158017,,,0.018325644,-0.288461444,,,,
15/11/2023 19:52:09.184041,,,0.018325648,-0.288461391,,,,
15/11/2023 19:52:09.237652,,,,,,,,
15/11/2023 19:52:09.238046,,,,,,,,
15/11/2023 19:52:09.430230,,,0.018325636,-0.288461547,,,,
15/11/2023 19:52:09.485884,,,,,,,,
15/11/2023 19:52:09.514256,,,,,,,,
15/11/2023 19:52:09.781690,,,0.018325641,-0.288461483,,,,
15/11/2023 19:52:10.767972,,,0.023989512,-0.28421206,,,,
15/11/2023 19:52:10.770623,,,0.023989514,-0.284212051,,,,
15/11/2023 19:52:10.773251,,,0.023989521,-0.28421203,,,,
15/11/2023 19:52:10.782941,,,0.023989528,-0.28421201,,,,
15/11/2023 19:52:10.785594,,,0.023989545,-0.284211959,,,,
15/11/2023 19:52:10.797777,,,0.023989549,-0.284211947,,,,
15/11/2023 19:52:10.800456,,,0.023989555,-0.284211927,,,,
15/11/2023 19:52:10.810552,,,0.023989556,-0.284211925,,,,
15/11/2023 19:52:10.813175,,,0.023989575,-0.284211866,,,,
15/11/2023 19:52:10.815789,,,0.023848239,-0.285963274,,,,
15/11/2023 19:52:10.901694,,,,,,,,
15/11/2023 19:52:10.902049,,,,,,,,
15/11/2023 19:52:10.984980,,,,,,,,
15/11/2023 19:52:10.985363,,,,,,,,
15/11/2023 19:52:12.345551,,,0.01517298,-0.38350102,,,,
15/11/2023 19:52:12.348462,,,0.015179068,-0.384184931,,,,
15/11/2023 19:52:12.351344,,,0.015200894,-0.387835168,,,,
15/11/2023 19:52:12.354117,,,0.015228171,-0.391632111,,,,
15/11/2023 19:52:12.356775,,,0.015246853,-0.396286187,,,,
15/11/2023 19:52:12.359355,,,0.015246282,-0.398120136,,,,
15/11/2023 19:52:12.361964,,,0.020207436,-0.383086841,,,,
15/11/2023 19:52:12.364603,,,0.020278668,-0.386483751,,,,
15/11/2023 19:52:12.367219,,,0.020347145,-0.390049512,,,,
15/11/2023 19:52:12.402675,,,0.020403889,-0.393290237,,,,
15/11/2023 19:52:12.428050,,,,,,,,
15/11/2023 19:52:12.428614,,,,,,,,
15/11/2023 19:52:12.460529,76.9697,31.24,,,97.8,8.18737152,,
15/11/2023 19:52:13.953157,,,0.018679751,-0.478506344,,,,
15/11/2023 19:52:13.954857,,,,,,,,
15/11/2023 19:52:13.955208,,,,,,,,
15/11/2023 19:52:13.957232,,,0.0185816,-0.480078155,,,,
15/11/2023 19:52:13.960047,,,0.018502271,-0.481454411,,,,
15/11/2023 19:52:13.962644,,,0.017397458,-0.495585661,,,,
15/11/2023 19:52:13.965240,,,0.017389401,-0.496901738,,,,
15/11/2023 19:52:13.967840,,,0.017388668,-0.497584515,,,,
15/11/2023 19:52:13.970417,,,0.017391486,-0.499750092,,,,
15/11/2023 19:52:13.973011,,,0.017397882,-0.500991876,,,,
15/11/2023 19:52:13.975604,,,0.017412647,-0.502399009,,,,
15/11/2023 19:52:13.978194,,,0.017432834,-0.503667686,,,,
15/11/2023 19:52:14.124941,76.9697,31.49,,,96.4,8.18737152,,
15/11/2023 19:52:14.167480,76.9697,31.49,,,99.1,8.18737152,,
15/11/2023 19:52:14.229632,,,,,,,,
15/11/2023 19:52:14.229875,,,,,,,,
15/11/2023 19:52:15.880409,,,0.017683223,-0.546297404,,,,
15/11/2023 19:52:15.883048,,,0.017651141,-0.546952688,,,,
15/11/2023 19:52:15.949087,,,0.017611327,-0.547699437,,,,
15/11/2023 19:52:15.950003,,,0.017576421,-0.548286122,,,,
15/11/2023 19:52:15.950786,,,0.017521624,-0.549103117,,,,
15/11/2023 19:52:15.951589,,,0.017473637,-0.549790853,,,,
15/11/2023 19:52:16.143737,,,0.022391403,-0.56829008,,,,
15/11/2023 19:52:16.152125,,,,,,,,
15/11/2023 19:52:16.152475,,,,,,,,
15/11/2023 19:52:16.161790,,,0.022546271,-0.570219285,,,,
15/11/2023 19:52:16.230313,,,0.022431485,-0.568797351,,,,
15/11/2023 19:52:16.308125,,,0.022511076,-0.569786923,,,,
15/11/2023 19:52:16.768745,,,,,,,,
15/11/2023 19:52:16.783163,,,,,,,,
15/11/2023 19:52:17.439045,,,0.037685555,-0.58499535,,,,
15/11/2023 19:52:17.451385,,,0.037698539,-0.585477525,,,,
15/11/2023 19:52:17.463819,,,0.037713854,-0.585971686,,,,
15/11/2023 19:52:17.464585,,,0.037732259,-0.586566674,,,,
15/11/2023 19:52:17.501823,,,0.037743902,-0.586948562,,,,
15/11/2023 19:52:17.518792,,,0.03775373,-0.587280499,,,,
15/11/2023 19:52:17.519609,,,0.037763921,-0.587652175,,,,
15/11/2023 19:52:17.525733,,,0.037773022,-0.588015166,,,,
15/11/2023 19:52:17.543045,,,0.037782122,-0.588426211,,,,
15/11/2023 19:52:17.606449,,,0.037790652,-0.588869712,,,,
15/11/2023 19:52:17.612922,,,,,,,,
15/11/2023 19:52:17.613022,,,,,,,,
15/11/2023 19:52:19.150593,,,0.026943166,-0.602636527,,,,
15/11/2023 19:52:19.152187,,,,,,,,
15/11/2023 19:52:19.152515,,,,,,,,
15/11/2023 19:52:19.154329,,,0.02694521,-0.602839014,,,,
15/11/2023 19:52:19.157036,,,0.026956646,-0.603686677,,,,
15/11/2023 19:52:19.159095,,,0.026962995,-0.604183533,,,,
15/11/2023 19:52:19.159772,,,0.026964799,-0.604362157,,,,
15/11/2023 19:52:19.160477,,,0.026967285,-0.604615741,,,,
15/11/2023 19:52:19.161244,,,0.026969604,-0.604919272,,,,
15/11/2023 19:52:19.161955,,,0.026969276,-0.604827625,,,,
15/11/2023 19:52:19.162687,,,0.026968873,-0.604633804,,,,
15/11/2023 19:52:19.163472,,,0.026969746,-0.604521707,,,,
15/11/2023 19:52:19.365014,,,,,,,,
15/11/2023 19:52:19.365375,,,,,,,,
15/11/2023 19:52:20.659019,,,0.025264302,-0.61344024,,,,
15/11/2023 19:52:20.707967,,,0.025264747,-0.61343431,,,,
15/11/2023 19:52:20.717736,,,0.025264889,-0.613432325,,,,
15/11/2023 19:52:20.730585,,,0.025265101,-0.613429426,,,,
15/11/2023 19:52:20.735792,,,0.025265234,-0.613427626,,,,
15/11/2023 19:52:20.745574,,,0.025265483,-0.613424304,,,,
15/11/2023 19:52:20.748170,,,0.025265523,-0.613423719,,,,
15/11/2023 19:52:20.768473,,,0.02526564,-0.613422128,,,,
15/11/2023 19:52:20.773279,,,0.025265937,-0.613418134,,,,
15/11/2023 19:52:20.800834,,,0.025266068,-0.613416354,,,,
15/11/2023 19:52:20.904839,,,,,,,,
15/11/2023 19:52:20.905199,,,,,,,,
15/11/2023 19:52:20.992485,,,,,,,,
15/11/2023 19:52:20.992835,,,,,,,,
15/11/2023 19:52:22.561571,,,0.022411266,-0.675848682,,,,
15/11/2023 19:52:22.562376,,,0.022124239,-0.679600942,,,,
15/11/2023 19:52:22.563145,,,0.021541291,-0.687058755,,,,
15/11/2023 19:52:22.618979,,,0.02092656,-0.694609418,,,,
15/11/2023 19:52:22.621343,,,0.020280639,-0.702271866,,,,
15/11/2023 19:52:22.671792,,,0.026369082,-0.63441311,,,,
15/11/2023 19:52:22.672648,,,0.02580721,-0.641983156,,,,
15/11/2023 19:52:22.673435,,,0.024906249,-0.653743799,,,,
15/11/2023 19:52:22.674273,,,0.023977133,-0.665308816,,,,
15/11/2023 19:52:22.683149,,,0.023522463,-0.670820975,,,,
15/11/2023 19:52:22.895022,76.9697,31.09,,,98.4,8.18737152,,
15/11/2023 19:52:22.895390,,,,,,,,
15/11/2023 19:52:22.895696,,,,,,,,
15/11/2023 19:52:24.223253,,,0.024830846,-0.853986321,,,,
15/11/2023 19:52:24.233490,,,0.024545081,-0.857695218,,,,
15/11/2023 19:52:24.238335,,,,,,,,
15/11/2023 19:52:24.238466,,,,,,,,
15/11/2023 19:52:24.277468,,,0.024249224,-0.86147355,,,,
15/11/2023 19:52:24.292527,76.9697,30.62,,,99.1,8.18737152,,
15/11/2023 19:52:24.293328,,,0.023997271,-0.864596003,,,,
15/11/2023 19:52:24.295913,,,0.023456395,-0.870913911,,,,
15/11/2023 19:52:24.298496,,,0.023181307,-0.873947435,,,,
15/11/2023 19:52:24.301108,,,0.022749678,-0.878592471,,,,
15/11/2023 19:52:24.303710,,,0.022518437,-0.881028485,,,,
15/11/2023 19:52:24.306303,,,0.022064045,-0.885745142,,,,
15/11/2023 19:52:24.308932,,,0.021588034,-0.890371796,,,,
15/11/2023 19:52:24.384706,76.9697,30.62,,,99.5,8.18737152,,
15/11/2023 19:52:24.475267,,,,,,,,
15/11/2023 19:52:24.475687,,,,,,,,
15/11/2023 19:52:25.657818,,,0.014469896,-0.999185368,,,,
15/11/2023 19:52:25.660685,,,0.014424449,-1.001192424,,,,
15/11/2023 19:52:25.667349,,,0.014353797,-1.003994373,,,,
15/11/2023 19:52:25.722972,,,0.014305288,-1.005655596,,,,
15/11/2023 19:52:25.725945,,,0.014246058,-1.007460517,,,,
15/11/2023 19:52:25.734949,,,0.014179879,-1.009310025,,,,
15/11/2023 19:52:25.810220,,,0.014115007,-1.010939133,,,,
15/11/2023 19:52:25.811779,,,,,,,,
15/11/2023 19:52:25.812105,,,,,,,,
15/11/2023 19:52:25.813877,,,0.014046348,-1.012530705,,,,
15/11/2023 19:52:25.816390,,,0.01393292,-1.015014887,,,,
15/11/2023 19:52:25.818944,,,0.013845604,-1.016696401,,,,
15/11/2023 19:52:26.992577,,,0.014086498,-1.061637411,,,,
15/11/2023 19:52:26.992956,,,,,,,,
15/11/2023 19:52:26.993210,,,,,,,,
15/11/2023 19:52:27.123158,,,0.014043291,-1.064031812,,,,
15/11/2023 19:52:27.126059,,,0.018322094,-1.065017142,,,,
15/11/2023 19:52:27.128693,,,0.018283637,-1.065808322,,,,
15/11/2023 19:52:27.182635,,,0.018245961,-1.066502607,,,,
15/11/2023 19:52:27.185348,,,0.018199255,-1.06727979,,,,
15/11/2023 19:52:27.188008,,,0.018176282,-1.067636537,,,,
15/11/2023 19:52:27.242460,,,0.018111696,-1.068554887,,,,
15/11/2023 19:52:27.245250,,,0.018046454,-1.069395235,,,,
15/11/2023 19:52:27.325315,,,,,,,,
15/11/2023 19:52:27.325619,,,,,,,,
15/11/2023 19:52:27.604613,,,0.014058184,-1.063222069,,,,
15/11/2023 19:52:28.515279,,,0.015090222,-1.084028358,,,,
15/11/2023 19:52:28.560411,,,0.015090389,-1.084023876,,,,
15/11/2023 19:52:28.563213,,,0.015076163,-1.084261963,,,,
15/11/2023 19:52:28.565799,,,0.015062531,-1.084482595,,,,
15/11/2023 19:52:28.568377,,,0.015042577,-1.084797806,,,,
15/11/2023 19:52:28.570873,,,0.015030629,-1.084982334,,,,
15/11/2023 19:52:28.590673,,,0.015004809,-1.085365059,,,,
15/11/2023 19:52:28.633004,,,0.014975291,-1.085790349,,,,
15/11/2023 19:52:28.635789,,,0.014938459,-1.086307971,,,,
15/11/2023 19:52:28.638329,,,0.014893048,-1.08690534,,,,
15/11/2023 19:52:28.701422,,,,,,,,
15/11/2023 19:52:28.701541,,,,,,,,
15/11/2023 19:52:29.980418,,,0.016223207,-1.098521231,,,,
15/11/2023 19:52:29.983030,,,0.016145041,-1.099112575,,,,
15/11/2023 19:52:30.235538,,,,,,,,
15/11/2023 19:52:30.235929,,,,,,,,
15/11/2023 19:52:30.703941,,,0.016067011,-1.099703296,,,,
15/11/2023 19:52:30.707864,,,,,,,,
15/11/2023 19:52:30.723897,,,,,,,,
15/11/2023 19:52:30.749784,,,0.015949938,-1.100581708,,,,
15/11/2023 19:52:30.776010,,,0.015885196,-1.101060336,,,,
15/11/2023 19:52:30.802133,,,0.015851546,-1.101302935,,,,
15/11/2023 19:52:30.828110,,,0.015839786,-1.101386475,,,,
15/11/2023 19:52:30.854164,,,0.015803755,-1.101640354,,,,
15/11/2023 19:52:30.880053,,,0.015747687,-1.102024431,,,,
15/11/2023 19:52:30.905703,,,0.015729367,-1.102148226,,,,
15/11/2023 19:52:31.643093,,,0.006207422,-1.107819094,,,,
15/11/2023 19:52:31.645961,,,0.006209437,-1.107804986,,,,
15/11/2023 19:52:31.648685,,,0.006156719,-1.108165951,,,,
15/11/2023 19:52:31.651258,,,0.006117273,-1.108456574,,,,
15/11/2023 19:52:31.653863,,,0.006088624,-1.108687397,,,,
15/11/2023 19:52:31.693123,,,0.006078682,-1.108774071,,,,
15/11/2023 19:52:31.697727,,,0.00604753,-1.109045408,,,,
15/11/2023 19:52:31.700327,,,0.006009378,-1.109409703,,,,
15/11/2023 19:52:31.702906,,,0.006020019,-1.109335007,,,,
15/11/2023 19:52:31.768167,,,0.00601607,-1.109347082,,,,
15/11/2023 19:52:31.945233,,,,,,,,
15/11/2023 19:52:31.945640,,,,,,,,
15/11/2023 19:52:31.993264,,,0.005999007,-1.109557378,,,,
15/11/2023 19:52:33.100326,,,,,,,,
15/11/2023 19:52:33.102169,,,0.00832661,-1.107060664,,,,
15/11/2023 19:52:33.152906,,,0.008338072,-1.106950684,,,,
15/11/2023 19:52:33.155541,,,0.008352777,-1.106823746,,,,
15/11/2023 19:52:33.158102,,,0.008380685,-1.106589259,,,,
15/11/2023 19:52:33.160732,,,0.008403758,-1.106426133,,,,
15/11/2023 19:52:33.215187,76.9697,30.96,,,98.3,8.18737152,,
15/11/2023 19:52:33.216084,,,0.008430748,-1.106211516,,,,
15/11/2023 19:52:33.218671,,,0.00844426,-1.106132398,,,,
15/11/2023 19:52:33.221261,,,0.008462681,-1.106005671,,,,
15/11/2023 19:52:33.223846,,,0.008462874,-1.106005682,,,,
15/11/2023 19:52:33.226480,,,0.008473073,-1.10594892,,,,
15/11/2023 19:52:33.348100,,,,,,,,
15/11/2023 19:52:33.348217,,,,,,,,
15/11/2023 19:52:33.352916,76.9697,31.52,,,96.4,8.18737152,,
15/11/2023 19:52:33.999795,,,,,,,,
15/11/2023 19:52:34.387470,,,,,,,/IP_10_3_0_8/trolley_docking_service,26244
15/11/2023 19:52:34.479379,,,,,,,/IP_10_3_0_8/rosping_service,16393
15/11/2023 19:52:34.783440,,,-0.00531404,-1.112885859,,,,
15/11/2023 19:52:34.825866,,,-0.005314035,-1.112885661,,,,
15/11/2023 19:52:34.855638,,,-0.005314024,-1.112885238,,,,
15/11/2023 19:52:34.865669,,,-0.005314012,-1.112884836,,,,
15/11/2023 19:52:34.887663,76.9697,31.52,,,97.2,8.18737152,,
15/11/2023 19:52:34.888503,,,-0.005314008,-1.112884666,,,,
15/11/2023 19:52:34.891112,,,-0.005313999,-1.11288432,,,,
15/11/2023 19:52:34.893739,,,-0.005313989,-1.112883969,,,,
15/11/2023 19:52:34.896355,,,-0.00531396,-1.112882969,,,,
15/11/2023 19:52:34.900610,,,-0.005313955,-1.112882747,,,,
15/11/2023 19:52:34.900956,,,,,,,,
15/11/2023 19:52:34.901225,,,,,,,,
15/11/2023 19:52:34.903801,,,-0.00531394,-1.112882254,,,,
15/11/2023 19:52:35.137927,,,,,,,,
15/11/2023 19:52:35.187984,,,,,,,,
15/11/2023 19:52:35.204245,,,,,,,,
15/11/2023 19:52:35.276577,,,,,,,,
15/11/2023 19:52:35.327006,,,,,,,,
15/11/2023 19:52:35.328864,,,,,,,,
15/11/2023 19:52:35.373596,,,,,,,,
15/11/2023 19:52:35.409914,,,,,,,,
15/11/2023 19:52:35.445078,,,,,,,,
15/11/2023 19:52:35.501097,,,,,,,,
15/11/2023 19:52:35.501658,,,,,,,,
15/11/2023 19:52:35.775216,,,,,,,,
15/11/2023 19:52:36.155933,,,0.00383243,-1.118674308,,,,
15/11/2023 19:52:36.168340,,,0.00383245,-1.118674139,,,,
15/11/2023 19:52:36.169147,,,0.003832458,-1.118674076,,,,
15/11/2023 19:52:36.175702,,,0.003832465,-1.118674015,,,,
15/11/2023 19:52:36.180661,,,0.003832472,-1.118673957,,,,
15/11/2023 19:52:36.183089,,,0.00383249,-1.118673812,,,,
15/11/2023 19:52:36.188161,,,0.003832527,-1.11867351,,,,
15/11/2023 19:52:36.249622,,,0.00383254,-1.118673403,,,,
15/11/2023 19:52:36.252251,,,0.003832555,-1.118673272,,,,
15/11/2023 19:52:36.254857,,,0.003832559,-1.11867324,,,,
15/11/2023 19:52:36.390241,,,,,,,,
15/11/2023 19:52:36.390644,,,,,,,,
15/11/2023 19:52:37.528143,,,-0.004043162,-1.115097871,,,,
15/11/2023 19:52:37.603687,,,-0.004043175,-1.115097709,,,,
15/11/2023 19:52:37.604491,,,-0.004043181,-1.11509764,,,,
15/11/2023 19:52:37.666803,,,-0.004043182,-1.115097631,,,,
15/11/2023 19:52:37.667650,,,-0.004043186,-1.115097576,,,,
15/11/2023 19:52:37.668432,,,-0.00404319,-1.115097523,,,,
15/11/2023 19:52:37.730586,,,-0.004043194,-1.115097473,,,,
15/11/2023 19:52:37.737949,,,-0.004043198,-1.115097423,,,,
15/11/2023 19:52:37.748695,,,-0.004043208,-1.115097304,,,,
15/11/2023 19:52:37.749038,,,,,,,,
15/11/2023 19:52:37.749349,,,,,,,,
15/11/2023 19:52:37.751938,,,-0.004043211,-1.115097263,,,,
15/11/2023 19:52:39.123128,,,0.01137549,-1.115518491,,,,
15/11/2023 19:52:39.138355,,,0.011375493,-1.115518487,,,,
15/11/2023 19:52:39.140089,,,,,,,,
15/11/2023 19:52:39.142206,,,0.001346385,-1.114378632,,,,
15/11/2023 19:52:39.142568,,,,,,,,
15/11/2023 19:52:39.164057,,,0.001346375,-1.114378589,,,,
15/11/2023 19:52:39.192373,,,0.00134637,-1.11437857,,,,
15/11/2023 19:52:39.212443,,,0.001346363,-1.114378542,,,,
15/11/2023 19:52:39.285620,,,0.001346356,-1.114378514,,,,
15/11/2023 19:52:39.288391,,,0.001346342,-1.114378457,,,,
15/11/2023 19:52:39.290973,,,0.001346339,-1.114378444,,,,
15/11/2023 19:52:39.293629,,,0.001346338,-1.114378439,,,,
15/11/2023 19:52:39.410311,,,,,,,,
15/11/2023 19:52:39.410699,,,,,,,,
15/11/2023 19:52:40.543212,,,0.001346275,-1.114378184,,,,
15/11/2023 19:52:40.546105,,,0.018089101,-1.113354229,,,,
15/11/2023 19:52:40.577459,,,0.018089143,-1.113354213,,,,
15/11/2023 19:52:40.640308,,,0.018089182,-1.113354198,,,,
15/11/2023 19:52:40.643167,,,0.018089222,-1.113354183,,,,
15/11/2023 19:52:40.645985,,,0.018089302,-1.113354152,,,,
15/11/2023 19:52:40.654705,,,0.018089335,-1.11335414,,,,
15/11/2023 19:52:40.664984,,,0.018089347,-1.113354135,,,,
15/11/2023 19:52:40.716645,,,0.018089377,-1.113354124,,,,
15/11/2023 19:52:40.717864,,,0.018089437,-1.113354101,,,,
15/11/2023 19:52:40.740738,,,,,,,,
15/11/2023 19:52:40.740857,,,,,,,,
15/11/2023 19:52:41.845567,,,0.007358388,-1.118635105,,,,
15/11/2023 19:52:41.905740,,,0.007358387,-1.118635105,,,,
15/11/2023 19:52:41.940885,,,0.007358382,-1.118635112,,,,
15/11/2023 19:52:41.941284,,,,,,,,
15/11/2023 19:52:41.941590,,,,,,,,
15/11/2023 19:52:41.944448,,,0.007358381,-1.118635113,,,,
15/11/2023 19:52:41.970231,,,0.007358381,-1.118635113,,,,
15/11/2023 19:52:41.982885,,,0.00735838,-1.118635114,,,,
15/11/2023 19:52:41.985492,,,0.00735838,-1.118635114,,,,
15/11/2023 19:52:41.995185,,,0.007358379,-1.118635115,,,,
15/11/2023 19:52:41.997778,,,0.007358379,-1.118635115,,,,
15/11/2023 19:52:42.137574,,,,,,,,
15/11/2023 19:52:42.137962,,,,,,,,
15/11/2023 19:52:42.381842,,,0.007358379,-1.118635116,,,,
15/11/2023 19:52:43.248178,,,0.006135931,-1.109193782,,,,
15/11/2023 19:52:43.251063,,,0.006135922,-1.109193748,,,,
15/11/2023 19:52:43.253944,,,0.006135923,-1.109193752,,,,
15/11/2023 19:52:43.282455,76.9697,30.7,,,97.1,8.18737152,,
15/11/2023 19:52:43.284614,,,0.006135923,-1.109193751,,,,
15/11/2023 19:52:43.297828,,,0.004656508,-1.114316335,,,,
15/11/2023 19:52:43.340820,,,0.004656497,-1.114316338,,,,
15/11/2023 19:52:43.343711,,,0.004656496,-1.114316338,,,,
15/11/2023 19:52:43.373437,,,0.004656493,-1.114316339,,,,
15/11/2023 19:52:43.376373,,,0.00465649,-1.11431634,,,,
15/11/2023 19:52:43.405787,,,0.004656486,-1.11431634,,,,
15/11/2023 19:52:43.431476,,,,,,,,
15/11/2023 19:52:43.431613,,,,,,,,
15/11/2023 19:52:43.522726,76.9697,30.68,,,96.7,8.18737152,,
15/11/2023 19:52:44.842679,,,0.006008995,-1.111223374,,,,
15/11/2023 19:52:44.890636,,,0.006008995,-1.111223373,,,,
15/11/2023 19:52:44.904907,,,0.006008995,-1.111223362,,,,
15/11/2023 19:52:44.964889,76.9697,30.68,,,96.8,8.18737152,,
15/11/2023 19:52:44.965732,,,0.006008995,-1.111223357,,,,
15/11/2023 19:52:44.983043,,,0.006008995,-1.111223357,,,,
15/11/2023 19:52:45.118136,,,0.005999816,-1.111308029,,,,
15/11/2023 19:52:45.118547,,,,,,,,
15/11/2023 19:52:45.118841,,,,,,,,
15/11/2023 19:52:45.121670,,,0.005999818,-1.111308009,,,,
15/11/2023 19:52:45.197182,,,,,,,,
15/11/2023 19:52:45.197537,,,,,,,,
15/11/2023 19:52:45.206832,,,0.006008996,-1.111223353,,,,
15/11/2023 19:52:45.232965,,,0.006007422,-1.111237414,,,,
15/11/2023 19:52:45.265436,,,0.005999814,-1.111308049,,,,
15/11/2023 19:52:46.173383,,,0.009084501,-1.107468279,,,,
15/11/2023 19:52:46.228012,,,0.009084506,-1.107468264,,,,
15/11/2023 19:52:46.230653,,,0.00908451,-1.107468251,,,,
15/11/2023 19:52:46.233270,,,0.009084514,-1.107468238,,,,
15/11/2023 19:52:46.235883,,,0.009084527,-1.107468203,,,,
15/11/2023 19:52:46.250463,,,0.009084537,-1.107468173,,,,
15/11/2023 19:52:46.281878,,,0.009084532,-1.107468187,,,,
15/11/2023 19:52:46.282888,,,0.007600359,-1.111798271,,,,
15/11/2023 19:52:46.283858,,,0.007600361,-1.111798267,,,,
15/11/2023 19:52:46.284787,,,0.007600364,-1.111798258,,,,
15/11/2023 19:52:46.364526,,,,,,,,
15/11/2023 19:52:46.370072,,,,,,,,
15/11/2023 19:52:46.434274,,,,,,,,
15/11/2023 19:52:46.505138,,,,,,,,
15/11/2023 19:52:46.563317,,,,,,,,
15/11/2023 19:52:46.626476,,,,,,,/IP_10_3_0_8/grab_trolley,11615
15/11/2023 19:52:46.640825,,,,,,,,
15/11/2023 19:52:46.673058,,,,,,,,
15/11/2023 19:52:46.723318,,,,,,,,
15/11/2023 19:52:46.756853,,,,,,,,
15/11/2023 19:52:46.810604,,,,,,,,
15/11/2023 19:52:46.895630,,,,,,,,
15/11/2023 19:52:46.945639,,,,,,,,
15/11/2023 19:52:47.501190,,,0.007600381,-1.111798208,,,,
15/11/2023 19:52:47.540903,,,0.007600381,-1.111798208,,,,
15/11/2023 19:52:47.557964,,,0.007600381,-1.111798208,,,,
15/11/2023 19:52:47.559711,,,,,,,,
15/11/2023 19:52:47.560084,,,,,,,,
15/11/2023 19:52:47.562686,,,0.007600381,-1.111798208,,,,
15/11/2023 19:52:47.565388,,,0.007600381,-1.111798208,,,,
15/11/2023 19:52:47.568038,,,0.007693414,-1.112757714,,,,
15/11/2023 19:52:47.570652,,,0.007693414,-1.112757714,,,,
15/11/2023 19:52:47.573255,,,0.007693415,-1.112757714,,,,
15/11/2023 19:52:47.575904,,,0.007693416,-1.112757715,,,,
15/11/2023 19:52:47.578476,,,0.007693417,-1.112757715,,,,
15/11/2023 19:52:48.120550,,,,,,,/IP_10_3_0_8/move_camera,2112
15/11/2023 19:52:48.765626,,,0.007693423,-1.112757718,,,,
15/11/2023 19:52:48.768450,,,0.007693423,-1.112757718,,,,
15/11/2023 19:52:48.824108,,,0.007729652,-1.112437629,,,,
15/11/2023 19:52:48.824245,,,,,,,,
15/11/2023 19:52:48.824326,,,,,,,,
15/11/2023 19:52:48.825002,,,0.008186046,-1.108299696,,,,
15/11/2023 19:52:48.825654,,,0.003697126,-1.108415901,,,,
15/11/2023 19:52:48.826426,,,0.004076202,-1.104956805,,,,
15/11/2023 19:52:48.827211,,,0.004493172,-1.101143755,,,,
15/11/2023 19:52:48.827959,,,0.005050625,-1.096053138,,,,
15/11/2023 19:52:48.828729,,,0.00572249,-1.089896006,,,,
15/11/2023 19:52:48.829500,,,0.006935059,-1.079061504,,,,
15/11/2023 19:52:48.886655,,,,,,,,
15/11/2023 19:52:48.926304,,,,,,,,
15/11/2023 19:52:49.108115,,,,,,,,
15/11/2023 19:52:49.113876,,,,,,,,
15/11/2023 19:52:50.111389,,,0.037783296,-0.854385102,,,,
15/11/2023 19:52:50.123855,,,0.039062232,-0.844381321,,,,
15/11/2023 19:52:50.181578,,,,,,,/IP_10_3_0_8/reverse_robot,2060
15/11/2023 19:52:50.218523,,,0.033362918,-0.871663195,,,,
15/11/2023 19:52:50.348731,,,,,,,,
15/11/2023 19:52:50.348845,,,,,,,,
15/11/2023 19:52:50.464299,,,0.034675232,-0.86197405,,,,
15/11/2023 19:52:50.689491,,,0.035962584,-0.85249802,,,,
15/11/2023 19:52:50.697558,,,0.031553071,-0.902376043,,,,
15/11/2023 19:52:50.705390,,,0.032841867,-0.892577311,,,,
15/11/2023 19:52:50.713172,,,0.034056675,-0.883270252,,,,
15/11/2023 19:52:50.890759,,,0.035319568,-0.873535058,,,,
15/11/2023 19:52:50.963948,,,0.03652507,-0.864185379,,,,
15/11/2023 19:52:52.777833,,,0.221187529,-0.342394364,,,,
15/11/2023 19:52:52.782557,,,0.227946685,-0.336779754,,,,
15/11/2023 19:52:52.797660,,,0.234282095,-0.331729959,,,,
15/11/2023 19:52:52.808196,,,0.240314846,-0.327120711,,,,
15/11/2023 19:52:52.818192,,,0.246058925,-0.323001466,,,,
15/11/2023 19:52:52.818570,,,,,,,,
15/11/2023 19:52:52.891451,,,0.254140015,-0.317386722,,,,
15/11/2023 19:52:52.892081,,,,,,,,
15/11/2023 19:52:52.969258,,,0.262161815,-0.312362244,,,,
15/11/2023 19:52:52.969832,,,,,,,,
15/11/2023 19:52:52.970190,,,,,,,,
15/11/2023 19:52:52.972813,,,0.265150589,-0.310598503,,,,
15/11/2023 19:52:52.975422,,,0.267813927,-0.309067971,,,,
15/11/2023 19:52:52.978113,,,0.270700539,-0.307444023,,,,
15/11/2023 19:52:53.752147,,,,,,,,
15/11/2023 19:52:53.756132,,,,,,,,
15/11/2023 19:52:53.799335,76.9697,31.6,,,97.8,8.18737152,,
15/11/2023 19:52:53.948766,,,,,,,,
15/11/2023 19:52:53.952272,,,,,,,,
15/11/2023 19:52:54.440520,,,0.253527529,-0.218388292,,,,
15/11/2023 19:52:54.443168,,,0.241282444,-0.217973645,,,,
15/11/2023 19:52:54.445345,76.9697,31.15,,,95.5,8.18737152,,
15/11/2023 19:52:54.454838,,,0.230017803,-0.217223535,,,,
15/11/2023 19:52:54.513015,,,0.213462998,-0.215574018,,,,
15/11/2023 19:52:54.535473,,,0.202245606,-0.214166099,,,,
15/11/2023 19:52:54.538074,,,0.190370632,-0.212271371,,,,
15/11/2023 19:52:54.540683,,,0.178238932,-0.210097095,,,,
15/11/2023 19:52:54.543249,,,0.165478281,-0.207418146,,,,
15/11/2023 19:52:54.554760,,,0.147942518,-0.203416936,,,,
15/11/2023 19:52:54.563009,,,0.138028657,-0.200948027,,,,
15/11/2023 19:52:54.602340,76.9697,31.15,,,98.6,8.18737152,,
15/11/2023 19:52:54.679869,,,,,,,,
15/11/2023 19:52:54.682000,,,,,,,,
15/11/2023 19:52:56.134092,,,-0.094316123,0.019812452,,,,
15/11/2023 19:52:56.151613,,,-0.092589656,0.018958303,,,,
15/11/2023 19:52:56.161646,,,-0.088960781,0.017200519,,,,
15/11/2023 19:52:56.161771,,,,,,,,
15/11/2023 19:52:56.161851,,,,,,,,
15/11/2023 19:52:56.162639,,,-0.085384874,0.015513718,,,,
15/11/2023 19:52:56.184403,,,-0.09507069,0.020165926,,,,
15/11/2023 19:52:56.220560,,,-0.081197942,0.013585959,,,,
15/11/2023 19:52:56.223230,,,-0.076093763,0.011280047,,,,
15/11/2023 19:52:56.250441,,,-0.070544837,0.008827416,,,,
15/11/2023 19:52:56.367794,,,,,,,,
15/11/2023 19:52:56.368179,,,,,,,,
15/11/2023 19:52:56.853347,,,-0.096029976,0.020686691,,,,
15/11/2023 19:52:56.879611,,,-0.095338784,0.02033058,,,,
15/11/2023 19:52:57.884062,,,0.00415784,0.000297732,,,,
15/11/2023 19:52:57.941483,,,0.004158825,0.00029763,,,,
15/11/2023 19:52:57.942284,,,0.004159775,0.000297531,,,,
15/11/2023 19:52:57.951299,,,0.004160565,0.00029745,,,,
15/11/2023 19:52:57.974010,,,0.004162993,0.00029719,,,,
15/11/2023 19:52:57.978782,,,0.004164035,0.000297083,,,,
15/11/2023 19:52:57.989116,,,0.004167141,0.000296744,,,,
15/11/2023 19:52:57.990066,,,0.004167036,0.000296764,,,,
15/11/2023 19:52:57.991067,,,0.004167606,0.000296705,,,,
15/11/2023 19:52:58.217335,,,,,,,,
15/11/2023 19:52:58.217690,,,,,,,,
15/11/2023 19:52:58.485508,,,0.004170768,0.00029636,,,,
15/11/2023 19:52:58.873930,,,,,,,,
15/11/2023 19:52:58.878083,,,,,,,,
15/11/2023 19:52:59.663157,,,0.016679808,-0.010752646,,,,
15/11/2023 19:52:59.715797,,,0.016682196,-0.010752748,,,,
15/11/2023 19:52:59.746720,,,0.016682862,-0.010752776,,,,
15/11/2023 19:52:59.774755,,,0.016683556,-0.010752805,,,,
15/11/2023 19:52:59.776246,,,0.016684224,-0.010752834,,,,
15/11/2023 19:52:59.777678,,,0.01668562,-0.010752894,,,,
15/11/2023 19:52:59.801359,,,0.016685617,-0.010752893,,,,
15/11/2023 19:52:59.816393,,,0.016687036,-0.010752954,,,,
15/11/2023 19:52:59.817182,,,0.016687609,-0.010752978,,,,
15/11/2023 19:52:59.817971,,,0.016687684,-0.010752981,,,,
15/11/2023 19:53:00.126879,,,,,,,,
15/11/2023 19:53:00.130674,,,,,,,,
15/11/2023 19:53:00.237444,,,,,,,/IP_10_3_0_8/move_robot,10051
15/11/2023 19:53:00.323399,,,,,,,/IP_10_3_0_8/rosping_service,9001
15/11/2023 19:53:01.563420,,,0.018616311,-0.005698084,,,,
15/11/2023 19:53:01.563846,,,,,,,,
15/11/2023 19:53:01.565349,,,,,,,,
15/11/2023 19:53:01.597831,,,0.018616963,-0.005698049,,,,
15/11/2023 19:53:01.608928,,,0.018617315,-0.005698031,,,,
15/11/2023 19:53:01.611331,,,0.018617631,-0.005698014,,,,
15/11/2023 19:53:01.612088,,,0.018617668,-0.005698013,,,,
15/11/2023 19:53:01.656871,,,0.018617754,-0.005698008,,,,
15/11/2023 19:53:01.671575,,,0.018617836,-0.005698004,,,,
15/11/2023 19:53:01.672773,,,0.018617915,-0.005698,,,,
15/11/2023 19:53:01.673978,,,0.018618023,-0.005697994,,,,
15/11/2023 19:53:01.684065,,,0.018618125,-0.005697989,,,,
15/11/2023 19:53:01.709034,,,,,,,,
15/11/2023 19:53:01.780450,,,,,,,,
15/11/2023 19:53:01.863390,,,,,,,,
15/11/2023 19:53:01.933319,,,,,,,,
15/11/2023 19:53:02.154608,,,,,,,,
15/11/2023 19:53:02.231918,,,,,,,,
15/11/2023 19:53:02.298159,,,,,,,,
15/11/2023 19:53:02.368014,,,,,,,,
15/11/2023 19:53:02.443125,,,,,,,,
15/11/2023 19:53:02.443705,,,,,,,,
15/11/2023 19:53:02.885951,,,,,,,,
15/11/2023 19:53:02.911497,,,,,,,,
15/11/2023 19:53:03.219224,,,0.020525632,-0.002913474,,,,
15/11/2023 19:53:03.240635,,,0.0205257,-0.002913467,,,,
15/11/2023 19:53:03.255412,,,0.020525765,-0.002913461,,,,
15/11/2023 19:53:03.262779,,,,,,,,
15/11/2023 19:53:03.263182,,,,,,,,
15/11/2023 19:53:03.293129,,,0.020525822,-0.002913455,,,,
15/11/2023 19:53:03.295771,,,0.020525835,-0.002913454,,,,
15/11/2023 19:53:03.317880,,,0.020525845,-0.002913453,,,,
15/11/2023 19:53:03.343005,,,0.02052586,-0.002913452,,,,
15/11/2023 19:53:03.375666,,,0.020525869,-0.002913451,,,,
15/11/2023 19:53:03.423394,,,0.020525878,-0.00291345,,,,
15/11/2023 19:53:03.436362,,,0.020525886,-0.002913449,,,,
15/11/2023 19:53:03.464069,76.9697,31.24,,,97.9,8.18737152,,
15/11/2023 19:53:03.585294,,,,,,,,
15/11/2023 19:53:03.663404,76.9697,30.62,,,95.8,8.18737152,,
15/11/2023 19:53:03.664097,,,,,,,,
15/11/2023 19:53:03.664387,,,,,,,,
15/11/2023 19:53:05.156669,,,0.013442666,-0.011800066,,,,
15/11/2023 19:53:05.157220,,,,,,,,
15/11/2023 19:53:05.157502,,,,,,,,
15/11/2023 19:53:05.160139,,,0.013442667,-0.011800068,,,,
15/11/2023 19:53:05.162771,,,0.01344267,-0.011800076,,,,
15/11/2023 19:53:05.284481,,,0.013442608,-0.01179991,,,,
15/11/2023 19:53:05.311278,,,0.013442617,-0.011799932,,,,
15/11/2023 19:53:05.409248,,,,,,,,
15/11/2023 19:53:05.455739,,,,,,,,
15/11/2023 19:53:05.456293,,,,,,,,
15/11/2023 19:53:05.607859,,,0.013442625,-0.011799954,,,,
15/11/2023 19:53:05.634613,,,0.013442632,-0.011799974,,,,
15/11/2023 19:53:05.829100,,,0.013442639,-0.011799993,,,,
15/11/2023 19:53:05.901015,76.9697,30.62,,,98.2,8.18737152,,
15/11/2023 19:53:05.908403,,,0.013442646,-0.011800011,,,,
15/11/2023 19:53:05.935473,,,0.013442665,-0.011800063,,,,
15/11/2023 19:53:05.939060,,,,,,,,
15/11/2023 19:53:06.703550,,,0.018109564,-0.006483834,,,,
15/11/2023 19:53:06.706219,,,0.018109566,-0.006483833,,,,
15/11/2023 19:53:06.735790,,,0.018109568,-0.006483833,,,,
15/11/2023 19:53:06.747840,,,0.018109569,-0.006483833,,,,
15/11/2023 19:53:06.770625,,,0.01810957,-0.006483833,,,,
15/11/2023 19:53:06.773304,,,0.018109575,-0.006483833,,,,
15/11/2023 19:53:06.775972,,,0.018109581,-0.006483832,,,,
15/11/2023 19:53:06.787035,,,0.020590765,-0.018736583,,,,
15/11/2023 19:53:06.789601,,,0.020590795,-0.018736641,,,,
15/11/2023 19:53:06.853291,,,0.020590808,-0.018736665,,,,
15/11/2023 19:53:06.853788,,,,,,,,
15/11/2023 19:53:06.923033,,,,,,,,
15/11/2023 19:53:06.923606,,,,,,,,
15/11/2023 19:53:06.962572,,,,,,,,
15/11/2023 19:53:08.240551,,,,,,,,
15/11/2023 19:53:08.244385,,,0.022044835,-0.005764237,,,,
15/11/2023 19:53:08.244778,,,,,,,,
15/11/2023 19:53:08.247445,,,0.02204484,-0.005764227,,,,
15/11/2023 19:53:08.255370,,,0.022044845,-0.005764218,,,,
15/11/2023 19:53:08.283203,,,0.022044851,-0.005764205,,,,
15/11/2023 19:53:08.305629,,,0.022044857,-0.005764193,,,,
15/11/2023 19:53:08.308295,,,0.022044859,-0.00576419,,,,
15/11/2023 19:53:08.310884,,,0.022044861,-0.005764186,,,,
15/11/2023 19:53:08.325530,,,0.022044879,-0.00576415,,,,
15/11/2023 19:53:08.332997,,,0.022044884,-0.005764141,,,,
15/11/2023 19:53:08.343010,,,0.022044886,-0.005764137,,,,
15/11/2023 19:53:08.585182,,,,,,,,
15/11/2023 19:53:08.650397,,,,,,,,
15/11/2023 19:53:08.650948,,,,,,,,
15/11/2023 19:53:10.693406,,,0.016698085,-0.014523262,,,,
15/11/2023 19:53:10.696087,,,0.016698076,-0.014523271,,,,
15/11/2023 19:53:10.698771,,,0.016698066,-0.014523282,,,,
15/11/2023 19:53:10.715221,,,0.016698064,-0.014523284,,,,
15/11/2023 19:53:10.762673,,,0.016698062,-0.014523287,,,,
15/11/2023 19:53:10.787552,,,0.016741014,-0.014525616,,,,
15/11/2023 19:53:10.841303,,,0.017253955,-0.01455328,,,,
15/11/2023 19:53:10.841448,,,,,,,,
15/11/2023 19:53:10.869745,,,0.019075035,-0.014651423,,,,
15/11/2023 19:53:10.871220,,,0.021572501,-0.014785576,,,,
15/11/2023 19:53:10.873842,,,0.025005827,-0.01496889,,,,
15/11/2023 19:53:10.908474,,,,,,,,
15/11/2023 19:53:10.921882,,,,,,,,
15/11/2023 19:53:11.680196,,,,,,,,
15/11/2023 19:53:11.979001,,,,,,,,
15/11/2023 19:53:11.981917,,,,,,,,
15/11/2023 19:53:11.997377,,,,,,,,
15/11/2023 19:53:11.997756,,,,,,,,
15/11/2023 19:53:12.123019,,,0.189530964,-0.016539753,,,,
15/11/2023 19:53:12.150015,,,0.199186994,-0.016910436,,,,
15/11/2023 19:53:12.207362,,,0.213826558,-0.017473201,,,,
15/11/2023 19:53:12.267616,,,,,,,,
15/11/2023 19:53:12.267985,,,,,,,,
15/11/2023 19:53:12.311384,,,,,,,/IP_10_3_0_8/reverse_robot,2062
15/11/2023 19:53:12.352701,,,0.228453215,-0.018037076,,,,
15/11/2023 19:53:12.451127,,,0.233318706,-0.018227456,,,,
15/11/2023 19:53:12.477801,,,0.243179441,-0.018615641,,,,
15/11/2023 19:53:12.503892,,,0.252863131,-0.019000351,,,,
15/11/2023 19:53:12.524618,,,0.179596256,-0.016161515,,,,
15/11/2023 19:53:12.680922,,,0.262427014,-0.019382339,,,,
15/11/2023 19:53:12.950903,,,0.27208218,-0.01976583,,,,
15/11/2023 19:53:13.143045,,,0.319489751,-0.00954959,,,,
15/11/2023 19:53:13.147069,76.9697,31.38,,,96.8,8.18737152,,
15/11/2023 19:53:13.156844,,,0.323613428,-0.009561889,,,,
15/11/2023 19:53:13.189960,,,0.326040418,-0.009535148,,,,
15/11/2023 19:53:13.221054,,,0.328095552,-0.00948212,,,,
15/11/2023 19:53:13.223935,,,0.328822919,-0.009455257,,,,
15/11/2023 19:53:13.226763,,,0.330389837,-0.009384055,,,,
15/11/2023 19:53:13.255366,,,0.330433701,-0.009377592,,,,
15/11/2023 19:53:13.275805,,,0.330070324,-0.009409394,,,,
15/11/2023 19:53:13.309689,,,0.32900078,-0.009514872,,,,
15/11/2023 19:53:13.319947,,,0.32720266,-0.009732852,,,,
15/11/2023 19:53:13.329479,,,,,,,,
15/11/2023 19:53:13.362916,,,,,,,,
15/11/2023 19:53:13.411287,,,,,,,,
15/11/2023 19:53:13.411809,,,,,,,,
15/11/2023 19:53:13.582564,76.9697,31.15,,,99.7,8.18737152,,
15/11/2023 19:53:14.498749,,,0.295728927,-0.035915826,,,,
15/11/2023 19:53:14.513381,,,0.27977341,-0.039385988,,,,
15/11/2023 19:53:14.567930,,,0.263253061,-0.04304194,,,,
15/11/2023 19:53:14.582620,,,0.242833023,-0.047629572,,,,
15/11/2023 19:53:14.620530,,,0.230932235,-0.050345559,,,,
15/11/2023 19:53:14.623363,,,0.214813547,-0.05403633,,,,
15/11/2023 19:53:14.626257,76.9697,31.15,,,99.5,8.18737152,,
15/11/2023 19:53:14.629508,,,0.191213554,-0.059465468,,,,
15/11/2023 19:53:14.675143,,,0.16785802,-0.064873112,,,,
15/11/2023 19:53:14.689635,,,0.160295423,-0.066615616,,,,
15/11/2023 19:53:14.697775,,,0.144585914,-0.070240149,,,,
15/11/2023 19:53:14.710098,,,,,,,,
15/11/2023 19:53:14.710461,,,,,,,,
15/11/2023 19:53:15.861386,,,0.075851235,-0.209314218,,,,
15/11/2023 19:53:15.863363,,,0.06046965,-0.216753436,,,,
15/11/2023 19:53:15.864114,,,0.037569669,-0.227829531,,,,
15/11/2023 19:53:15.898542,,,0.014170218,-0.239172017,,,,
15/11/2023 19:53:15.931239,,,0.006758368,-0.242773449,,,,
15/11/2023 19:53:15.931345,,,,,,,,
15/11/2023 19:53:15.931420,,,,,,,,
15/11/2023 19:53:15.971230,,,-0.008784282,-0.250327397,,,,
15/11/2023 19:53:15.985609,,,-0.024149994,-0.257804906,,,,
15/11/2023 19:53:16.136326,,,-0.039618659,-0.26535588,,,,
15/11/2023 19:53:16.206415,,,,,,,,
15/11/2023 19:53:16.206552,,,,,,,,
15/11/2023 19:53:16.431798,,,0.027301101,-0.27185774,,,,
15/11/2023 19:53:16.837124,,,0.012184986,-0.279588789,,,,
15/11/2023 19:53:17.131655,,,-0.454757139,-0.528859929,,,,
15/11/2023 19:53:17.132468,,,-0.464329632,-0.53408168,,,,
15/11/2023 19:53:17.169025,,,-0.472068904,-0.53852904,,,,
15/11/2023 19:53:17.169790,,,-0.474347294,-0.539897311,,,,
15/11/2023 19:53:17.173643,,,-0.478088588,-0.542187663,,,,
15/11/2023 19:53:17.186219,,,-0.481594751,-0.544403931,,,,
15/11/2023 19:53:17.186978,,,-0.48424072,-0.546106443,,,,
15/11/2023 19:53:17.190666,,,-0.486189836,-0.547375986,,,,
15/11/2023 19:53:17.209051,,,-0.488364134,-0.548808031,,,,
15/11/2023 19:53:17.218452,,,-0.488373407,-0.548811592,,,,
15/11/2023 19:53:17.397331,,,,,,,,
15/11/2023 19:53:17.397682,,,,,,,,
15/11/2023 19:53:18.387465,,,-0.487414731,-0.548156766,,,,
15/11/2023 19:53:18.395179,,,-0.48727123,-0.548062821,,,,
15/11/2023 19:53:18.427671,,,-0.487334842,-0.54810342,,,,
15/11/2023 19:53:18.430239,,,-0.487321231,-0.548093216,,,,
15/11/2023 19:53:18.437624,,,-0.487247504,-0.548044949,,,,
15/11/2023 19:53:18.440281,,,-0.487279418,-0.548064689,,,,
15/11/2023 19:53:18.462734,,,-0.60044456,-0.630388004,,,,
15/11/2023 19:53:18.465339,,,-0.600393534,-0.630352734,,,,
15/11/2023 19:53:18.467978,,,-0.600342563,-0.6303175,,,,
15/11/2023 19:53:18.470555,,,-0.600236813,-0.630244334,,,,
15/11/2023 19:53:18.482276,,,,,,,,
15/11/2023 19:53:18.482632,,,,,,,,
15/11/2023 19:53:19.700510,,,-0.599753761,-0.629910654,,,,
15/11/2023 19:53:19.720642,,,-0.59975154,-0.629909151,,,,
15/11/2023 19:53:19.739758,,,-0.599736089,-0.629898466,,,,
15/11/2023 19:53:19.742369,,,-0.59973511,-0.62989781,,,,
15/11/2023 19:53:19.762868,,,-0.605679699,-0.627579036,,,,
15/11/2023 19:53:19.768078,,,-0.60566833,-0.627571272,,,,
15/11/2023 19:53:19.770679,,,-0.605657521,-0.627563891,,,,
15/11/2023 19:53:19.792810,,,-0.605646644,-0.627556461,,,,
15/11/2023 19:53:19.793182,,,,,,,,
15/11/2023 19:53:19.793444,,,,,,,,
15/11/2023 19:53:19.828869,,,-0.605637383,-0.627550138,,,,
15/11/2023 19:53:19.873928,,,-0.605579647,-0.627510374,,,,
15/11/2023 19:53:21.115274,,,-0.605426119,-0.627405477,,,,
15/11/2023 19:53:21.155265,,,-0.605424174,-0.627404156,,,,
15/11/2023 19:53:21.182767,,,-0.605422345,-0.627402914,,,,
15/11/2023 19:53:21.192366,,,-0.605421757,-0.627402514,,,,
15/11/2023 19:53:21.195026,,,-0.605420648,-0.627401761,,,,
15/11/2023 19:53:21.197605,,,-0.605419583,-0.627401038,,,,
15/11/2023 19:53:21.200208,,,-0.605418592,-0.627400365,,,,
15/11/2023 19:53:21.242489,,,,,,,,
15/11/2023 19:53:21.242838,,,,,,,,
15/11/2023 19:53:21.548148,,,,,,,,
15/11/2023 19:53:21.551732,,,,,,,,
15/11/2023 19:53:21.577447,,,-0.605429768,-0.627407955,,,,
15/11/2023 19:53:21.698041,,,-0.605427532,-0.627406436,,,,
15/11/2023 19:53:21.903362,,,-0.605426823,-0.627405955,,,,
15/11/2023 19:53:22.446659,,,-0.603153079,-0.63161713,,,,
15/11/2023 19:53:22.501492,,,-0.603151675,-0.631616168,,,,
15/11/2023 19:53:22.526440,,,-0.603148368,-0.631613881,,,,
15/11/2023 19:53:22.527190,,,-0.603148177,-0.631613751,,,,
15/11/2023 19:53:22.553593,,,-0.603145571,-0.631611948,,,,
15/11/2023 19:53:22.554378,,,-0.60233602,-0.631716084,,,,
15/11/2023 19:53:22.555114,,,-0.602331733,-0.631713118,,,,
15/11/2023 19:53:22.583876,,,-0.602327898,-0.631710465,,,,
15/11/2023 19:53:22.588615,,,-0.602319375,-0.63170456,,,,
15/11/2023 19:53:22.598757,,,-0.602315399,-0.631701812,,,,
15/11/2023 19:53:22.606050,,,,,,,,
15/11/2023 19:53:22.606142,,,,,,,,
15/11/2023 19:53:22.712615,76.9697,31.26,,,98.5,8.18737152,,
15/11/2023 19:53:23.635936,,,-0.602278596,-0.631676365,,,,
15/11/2023 19:53:23.700605,,,-0.602277483,-0.631675595,,,,
15/11/2023 19:53:23.712552,,,-0.602277379,-0.631675527,,,,
15/11/2023 19:53:23.762866,,,-0.602277335,-0.631675499,,,,
15/11/2023 19:53:23.765491,,,-0.602277283,-0.631675465,,,,
15/11/2023 19:53:23.771852,,,-0.602277254,-0.631675448,,,,
15/11/2023 19:53:23.771995,,,,,,,,
15/11/2023 19:53:23.772081,,,,,,,,
15/11/2023 19:53:23.772950,,,-0.600905759,-0.635083265,,,,
15/11/2023 19:53:23.802636,,,-0.600904869,-0.635082657,,,,
15/11/2023 19:53:23.807357,,,-0.600904068,-0.63508211,,,,
15/11/2023 19:53:23.837755,,,-0.600903246,-0.635081549,,,,
15/11/2023 19:53:23.857517,76.9697,30.89,,,98.5,8.18737152,,
15/11/2023 19:53:23.960502,76.9697,30.89,,,97.3,8.18737152,,
15/11/2023 19:53:25.150376,,,-0.600881816,-0.635066857,,,,
15/11/2023 19:53:25.165117,,,,,,,,
15/11/2023 19:53:25.167622,,,,,,,,
15/11/2023 19:53:25.175651,,,-0.600881812,-0.635066854,,,,
15/11/2023 19:53:25.178355,,,-0.60088135,-0.635066538,,,,
15/11/2023 19:53:25.180961,,,-0.600880941,-0.635066257,,,,
15/11/2023 19:53:25.183562,,,-0.605509522,-0.634657913,,,,
15/11/2023 19:53:25.222990,,,-0.605508831,-0.634657433,,,,
15/11/2023 19:53:25.225873,,,-0.605508121,-0.634656941,,,,
15/11/2023 19:53:25.234976,,,-0.605506557,-0.634655855,,,,
15/11/2023 19:53:25.237590,,,-0.605505955,-0.634655438,,,,
15/11/2023 19:53:25.240313,,,-0.605505723,-0.634655277,,,,
15/11/2023 19:53:25.329159,,,,,,,,
15/11/2023 19:53:25.329316,,,,,,,,
15/11/2023 19:53:26.590306,,,-0.603519399,-0.639734858,,,,
15/11/2023 19:53:26.605192,,,-0.601736789,-0.638502661,,,,
15/11/2023 19:53:26.607811,,,-0.599112555,-0.636686907,,,,
15/11/2023 19:53:26.627828,,,-0.593760176,-0.632978204,,,,
15/11/2023 19:53:26.632404,,,-0.588285589,-0.629173578,,,,
15/11/2023 19:53:26.634989,,,-0.586466962,-0.627909486,,,,
15/11/2023 19:53:26.637566,,,-0.584631057,-0.626632431,,,,
15/11/2023 19:53:26.640131,,,-0.579336539,-0.622949658,,,,
15/11/2023 19:53:26.642709,,,-0.576607383,-0.62104076,,,,
15/11/2023 19:53:26.645336,,,-0.57573382,-0.620424732,,,,
15/11/2023 19:53:26.649640,,,,,,,,
15/11/2023 19:53:26.649967,,,,,,,,
15/11/2023 19:53:27.825604,,,-0.38339461,-0.515111114,,,,
15/11/2023 19:53:27.828419,,,-0.361423257,-0.505062007,,,,
15/11/2023 19:53:27.845072,,,-0.338672961,-0.494860986,,,,
15/11/2023 19:53:27.862961,,,,,,,,
15/11/2023 19:53:27.863343,,,,,,,,
15/11/2023 19:53:27.866186,,,-0.331644494,-0.491727191,,,,
15/11/2023 19:53:27.897822,,,-0.32413399,-0.488384345,,,,
15/11/2023 19:53:27.900473,,,-0.30169443,-0.47847052,,,,
15/11/2023 19:53:27.917703,,,-0.281460665,-0.469589726,,,,
15/11/2023 19:53:27.920345,,,-0.274977724,-0.466746375,,,,
15/11/2023 19:53:27.953236,,,-0.26807638,-0.463731458,,,,
15/11/2023 19:53:27.956147,,,-0.248618555,-0.455289615,,,,
15/11/2023 19:53:28.648288,,,,,,,,
15/11/2023 19:53:28.651813,,,,,,,,
15/11/2023 19:53:28.966953,,,-0.278931488,-0.465624382,,,,
15/11/2023 19:53:29.189177,,,,,,,,
15/11/2023 19:53:29.204663,,,,,,,,
15/11/2023 19:53:29.271036,,,-0.278036087,-0.465473287,,,,
15/11/2023 19:53:29.407196,,,-0.278224721,-0.465529684,,,,
15/11/2023 19:53:29.474527,,,-0.27946591,-0.465691822,,,,
15/11/2023 19:53:29.500628,,,-0.282144086,-0.465997005,,,,
15/11/2023 19:53:29.526829,,,-0.28499938,-0.466187247,,,,
15/11/2023 19:53:29.629924,,,-0.288423354,-0.466329229,,,,
15/11/2023 19:53:29.656225,,,-0.292532157,-0.466424634,,,,
15/11/2023 19:53:29.682029,,,-0.296944101,-0.466420026,,,,
15/11/2023 19:53:29.744024,,,-0.277896059,-0.465454692,,,,
15/11/2023 19:53:30.355681,,,-0.250723484,-0.37861958,,,,
15/11/2023 19:53:30.358556,,,-0.256668703,-0.376087129,,,,
15/11/2023 19:53:30.361428,,,-0.235255856,-0.366474843,,,,
15/11/2023 19:53:30.423322,,,-0.238594384,-0.364230291,,,,
15/11/2023 19:53:30.425955,,,-0.241952778,-0.361834446,,,,
15/11/2023 19:53:30.428560,,,-0.245048967,-0.359468243,,,,
15/11/2023 19:53:30.431127,,,-0.248323839,-0.356786547,,,,
15/11/2023 19:53:30.433697,,,-0.253106208,-0.352603984,,,,
15/11/2023 19:53:30.436284,,,-0.257536205,-0.348324148,,,,
15/11/2023 19:53:30.438856,,,-0.263891268,-0.341675572,,,,
15/11/2023 19:53:30.613821,,,,,,,,
15/11/2023 19:53:30.614201,,,,,,,,
15/11/2023 19:53:31.655207,,,-0.30761505,-0.261911679,,,,
15/11/2023 19:53:31.660320,,,-0.308171674,-0.256054799,,,,
15/11/2023 19:53:31.693212,,,-0.308342983,-0.250451788,,,,
15/11/2023 19:53:31.745058,,,-0.30832175,-0.248317153,,,,
15/11/2023 19:53:31.765537,,,-0.308225523,-0.24424685,,,,
15/11/2023 19:53:31.770463,,,-0.307965139,-0.239471584,,,,
15/11/2023 19:53:31.795433,,,-0.307473705,-0.234294552,,,,
15/11/2023 19:53:31.820220,,,-0.306766459,-0.228922902,,,,
15/11/2023 19:53:31.834803,,,,,,,,
15/11/2023 19:53:31.835158,,,,,,,,
15/11/2023 19:53:31.880533,,,-0.305516105,-0.221522867,,,,
15/11/2023 19:53:31.886708,,,-0.304501456,-0.216644672,,,,
15/11/2023 19:53:32.902413,,,-0.268762156,-0.139560977,,,,
15/11/2023 19:53:32.902777,,,,,,,,
15/11/2023 19:53:32.903034,,,,,,,,
15/11/2023 19:53:32.950488,,,-0.264999015,-0.13584121,,,,
15/11/2023 19:53:32.960445,,,-0.259229435,-0.130581038,,,,
15/11/2023 19:53:33.106086,,,-0.25580499,-0.127660743,,,,
15/11/2023 19:53:33.220106,76.9697,31.41,,,96.4,8.18737152,,
15/11/2023 19:53:33.220364,,,,,,,,
15/11/2023 19:53:33.220541,,,,,,,,
15/11/2023 19:53:33.250725,,,-0.251663526,-0.12440998,,,,
15/11/2023 19:53:33.528044,,,-0.247205387,-0.121076113,,,,
15/11/2023 19:53:33.730284,76.9697,31.02,,,98.1,8.18737152,,
15/11/2023 19:53:33.739205,,,-0.241827529,-0.11737727,,,,
15/11/2023 19:53:33.767949,,,-0.235986024,-0.113691797,,,,
15/11/2023 19:53:33.796682,,,-0.227663568,-0.108880293,,,,
15/11/2023 19:53:33.824337,,,-0.222339479,-0.10616937,,,,
15/11/2023 19:53:34.116503,,,-0.109458025,-0.092881669,,,,
15/11/2023 19:53:34.129590,,,-0.105922104,-0.094160837,,,,
15/11/2023 19:53:34.162858,,,-0.099809829,-0.096707671,,,,
15/11/2023 19:53:34.174716,,,-0.09531993,-0.098812765,,,,
15/11/2023 19:53:34.177264,,,-0.090796724,-0.101116177,,,,
15/11/2023 19:53:34.179818,,,-0.085908941,-0.103727099,,,,
15/11/2023 19:53:34.182379,,,-0.080565081,-0.106818006,,,,
15/11/2023 19:53:34.193010,,,-0.075216319,-0.11014837,,,,
15/11/2023 19:53:34.195693,,,-0.069893581,-0.113683157,,,,
15/11/2023 19:53:34.199700,76.9697,31.41,,,96.4,8.18737152,,
15/11/2023 19:53:34.209947,,,,,,,,
15/11/2023 19:53:34.210297,,,,,,,,
15/11/2023 19:53:34.582904,,,-0.112730391,-0.091861011,,,,
15/11/2023 19:53:35.118104,,,-0.02358536,-0.218415671,,,,
15/11/2023 19:53:35.148064,,,-0.023598091,-0.218375698,,,,
15/11/2023 19:53:35.154805,,,-0.02359755,-0.218374883,,,,
15/11/2023 19:53:35.175689,,,-0.023621085,-0.218307423,,,,
15/11/2023 19:53:35.178479,,,-0.023616388,-0.218315068,,,,
15/11/2023 19:53:35.215374,,,,,,,,
15/11/2023 19:53:35.215767,,,,,,,,
15/11/2023 19:53:35.329155,,,-0.02936802,-0.203924082,,,,
15/11/2023 19:53:35.403210,,,-0.027462681,-0.20852744,,,,
15/11/2023 19:53:35.830966,,,-0.025977125,-0.212180327,,,,
15/11/2023 19:53:35.859850,,,-0.024838959,-0.215062209,,,,
15/11/2023 19:53:35.903521,,,-0.024103824,-0.216987591,,,,
15/11/2023 19:53:36.129575,,,-0.023681707,-0.218095533,,,,
15/11/2023 19:53:36.165679,,,-0.023682103,-0.218093836,,,,
15/11/2023 19:53:36.169096,,,-0.023688851,-0.2180734,,,,
15/11/2023 19:53:36.211878,,,-0.013717533,-0.295830616,,,,
15/11/2023 19:53:36.231191,,,-0.013716832,-0.295814927,,,,
15/11/2023 19:53:36.238571,,,-0.01371563,-0.295783465,,,,
15/11/2023 19:53:36.263415,,,-0.013714486,-0.295753499,,,,
15/11/2023 19:53:36.286922,,,-0.013713129,-0.295719162,,,,
15/11/2023 19:53:36.288412,,,-0.013712351,-0.295702202,,,,
15/11/2023 19:53:36.320729,,,-0.013712108,-0.295696927,,,,
15/11/2023 19:53:36.373062,,,,,,,,
15/11/2023 19:53:36.374601,,,,,,,,
15/11/2023 19:53:37.313211,,,-0.013988334,-0.301399187,,,,
15/11/2023 19:53:37.358050,,,-0.01398818,-0.301394261,,,,
15/11/2023 19:53:37.362909,,,-0.013987761,-0.301381297,,,,
15/11/2023 19:53:37.365433,,,-0.013987363,-0.30136899,,,,
15/11/2023 19:53:37.406211,,,-0.013986984,-0.301357267,,,,
15/11/2023 19:53:37.418844,,,-0.013986624,-0.30134615,,,,
15/11/2023 19:53:37.419680,,,-0.01398575,-0.301319355,,,,
15/11/2023 19:53:37.453485,,,-0.013985435,-0.301309631,,,,
15/11/2023 19:53:37.454264,,,-0.013985376,-0.301307636,,,,
15/11/2023 19:53:37.494252,,,-0.013985092,-0.301298853,,,,
15/11/2023 19:53:37.539054,,,,,,,,
15/11/2023 19:53:37.539167,,,,,,,,
15/11/2023 19:53:38.678037,,,-0.021304125,-0.300725006,,,,
15/11/2023 19:53:38.691202,,,-0.021304068,-0.300722898,,,,
15/11/2023 19:53:38.738143,,,-0.021304013,-0.300720897,,,,
15/11/2023 19:53:38.785452,,,-0.02130396,-0.300718995,,,,
15/11/2023 19:53:38.790119,,,-0.021303773,-0.300712652,,,,
15/11/2023 19:53:38.859097,,,-0.02130373,-0.300711065,,,,
15/11/2023 19:53:38.868927,,,-0.021303692,-0.300709667,,,,
15/11/2023 19:53:38.869723,,,-0.021303551,-0.300704969,,,,
15/11/2023 19:53:38.896733,,,-0.021303515,-0.300703631,,,,
15/11/2023 19:53:38.896853,,,,,,,,
15/11/2023 19:53:38.896929,,,,,,,,
15/11/2023 19:53:38.914506,,,-0.021303477,-0.300702264,,,,
15/11/2023 19:53:39.933167,,,-0.022282452,-0.301012404,,,,
15/11/2023 19:53:39.990224,,,,,,,,
15/11/2023 19:53:39.990566,,,,,,,,
15/11/2023 19:53:39.992423,,,-0.02228241,-0.30101092,,,,
15/11/2023 19:53:39.994949,,,-0.022282349,-0.301008836,,,,
15/11/2023 19:53:40.101765,,,,,,,/IP_10_3_0_8/rosping_service,22929
15/11/2023 19:53:40.185067,,,,,,,,
15/11/2023 19:53:40.185422,,,,,,,,
15/11/2023 19:53:40.456110,,,-0.022282334,-0.301008339,,,,
15/11/2023 19:53:40.484834,,,-0.022282328,-0.301008095,,,,
15/11/2023 19:53:40.511047,,,-0.022282183,-0.301003226,,,,
15/11/2023 19:53:40.537130,,,-0.015704451,-0.298947516,,,,
15/11/2023 19:53:40.562992,,,-0.015704409,-0.298946267,,,,
15/11/2023 19:53:40.588498,,,-0.015704385,-0.298945593,,,,
15/11/2023 19:53:40.614209,,,-0.015704191,-0.298940191,,,,
15/11/2023 19:53:40.717198,,,,,,,/IP_10_3_0_8/move_robot,27753
15/11/2023 19:53:41.113199,,,-0.015703342,-0.298916181,,,,
15/11/2023 19:53:41.163425,,,-0.015703339,-0.298916079,,,,
15/11/2023 19:53:41.163871,,,,,,,,
15/11/2023 19:53:41.200110,,,-0.015703249,-0.298913597,,,,
15/11/2023 19:53:41.200510,,,,,,,,
15/11/2023 19:53:41.221107,,,-0.01570322,-0.298912777,,,,
15/11/2023 19:53:41.221389,,,,,,,,
15/11/2023 19:53:41.266595,,,-0.015703219,-0.298912726,,,,
15/11/2023 19:53:41.267201,,,,,,,,
15/11/2023 19:53:41.321809,,,-0.015703192,-0.298911971,,,,
15/11/2023 19:53:41.322396,,,,,,,,
15/11/2023 19:53:41.367460,,,-0.015703164,-0.298911196,,,,
15/11/2023 19:53:41.368108,,,,,,,,
15/11/2023 19:53:41.414404,,,-0.015703142,-0.298910561,,,,
15/11/2023 19:53:41.415007,,,,,,,,
15/11/2023 19:53:41.459058,,,-0.015703118,-0.298909909,,,,
15/11/2023 19:53:41.459688,,,,,,,,
15/11/2023 19:53:41.509539,,,-0.015703096,-0.298909291,,,,
15/11/2023 19:53:41.510138,,,,,,,,
15/11/2023 19:53:41.558356,,,,,,,,
15/11/2023 19:53:41.598428,,,,,,,,
15/11/2023 19:53:41.598989,,,,,,,,
15/11/2023 19:53:42.436630,,,-0.015302135,-0.30504029,,,,
15/11/2023 19:53:42.444250,,,-0.015302129,-0.305040096,,,,
15/11/2023 19:53:42.452346,,,-0.015302119,-0.305039808,,,,
15/11/2023 19:53:42.519001,,,-0.015302112,-0.305039614,,,,
15/11/2023 19:53:42.521297,,,-0.015302107,-0.305039455,,,,
15/11/2023 19:53:42.575804,,,-0.01530209,-0.305038995,,,,
15/11/2023 19:53:42.594608,,,-0.015302075,-0.30503856,,,,
15/11/2023 19:53:42.601790,,,-0.01530207,-0.305038424,,,,
15/11/2023 19:53:42.637954,,,-0.015302063,-0.305038227,,,,
15/11/2023 19:53:42.644311,,,-0.014236301,-0.300619968,,,,
15/11/2023 19:53:42.702778,,,,,,,,
15/11/2023 19:53:42.704983,,,,,,,,
15/11/2023 19:53:42.912416,76.9697,30.79,,,97.7,8.18737152,,
15/11/2023 19:53:43.945306,,,-0.020407763,-0.377093981,,,,
15/11/2023 19:53:43.953041,,,-0.020816371,-0.394705418,,,,
15/11/2023 19:53:43.983106,,,-0.02131128,-0.420347525,,,,
15/11/2023 19:53:44.105086,,,-0.02218512,-0.506960864,,,,
15/11/2023 19:53:44.149856,,,-0.022193235,-0.518235375,,,,
15/11/2023 19:53:44.154419,,,-0.022167379,-0.533810402,,,,
15/11/2023 19:53:44.157225,76.9697,30.55,,,99.7,8.18737152,,
15/11/2023 19:53:44.178327,,,-0.021486042,-0.432615108,,,,
15/11/2023 19:53:44.355913,,,-0.021798371,-0.457078645,,,,
15/11/2023 19:53:44.357584,76.9697,30.55,,,99.1,8.18737152,,
15/11/2023 19:53:44.358001,,,,,,,,
15/11/2023 19:53:44.358291,,,,,,,,
15/11/2023 19:53:44.555382,,,-0.022050633,-0.481798221,,,,
15/11/2023 19:53:44.559477,,,,,,,,
15/11/2023 19:53:44.562311,,,,,,,,
15/11/2023 19:53:44.587732,,,-0.022143813,-0.494335385,,,,
15/11/2023 19:53:45.474486,,,-0.027300611,-0.769729551,,,,
15/11/2023 19:53:45.476683,,,-0.02725519,-0.772525368,,,,
15/11/2023 19:53:45.518373,,,-0.02716498,-0.777793098,,,,
15/11/2023 19:53:45.542167,,,-0.027061966,-0.783169257,,,,
15/11/2023 19:53:45.547404,,,-0.021089956,-0.888504333,,,,
15/11/2023 19:53:45.552250,,,-0.020989754,-0.893365789,,,,
15/11/2023 19:53:45.568275,,,-0.020876487,-0.898326135,,,,
15/11/2023 19:53:45.571128,,,-0.020707074,-0.905169699,,,,
15/11/2023 19:53:45.573886,,,-0.020508215,-0.912117387,,,,
15/11/2023 19:53:45.576455,,,-0.020442431,-0.914302572,,,,
15/11/2023 19:53:45.700231,,,,,,,,
15/11/2023 19:53:45.700597,,,,,,,,
15/11/2023 19:53:46.895609,,,-7.68E-05,-1.023995448,,,,
15/11/2023 19:53:46.902628,,,0.000120537,-1.026487453,,,,
15/11/2023 19:53:46.920892,,,0.000411543,-1.030080737,,,,
15/11/2023 19:53:46.927774,,,0.000525247,-1.031426922,,,,
15/11/2023 19:53:46.930369,,,0.000816728,-1.034961945,,,,
15/11/2023 19:53:46.931983,,,,,,,,
15/11/2023 19:53:46.932295,,,,,,,,
15/11/2023 19:53:46.934078,,,0.001191174,-1.039533163,,,,
15/11/2023 19:53:46.937481,,,0.001357301,-1.041590771,,,,
15/11/2023 19:53:46.970364,,,0.001527397,-1.043736032,,,,
15/11/2023 19:53:46.973163,,,0.001721387,-1.046181379,,,,
15/11/2023 19:53:46.975737,,,0.001902037,-1.048461736,,,,
15/11/2023 19:53:47.199457,,,,,,,,
15/11/2023 19:53:47.199863,,,,,,,,
15/11/2023 19:53:48.245928,,,0.016396028,-1.087601232,,,,
15/11/2023 19:53:48.269517,,,0.016451082,-1.088095349,,,,
15/11/2023 19:53:48.281499,,,0.016522045,-1.088749494,,,,
15/11/2023 19:53:48.283242,,,0.016607297,-1.089560453,,,,
15/11/2023 19:53:48.327365,,,0.016667467,-1.090147018,,,,
15/11/2023 19:53:48.329965,,,0.016739058,-1.090853559,,,,
15/11/2023 19:53:48.355253,,,0.016797567,-1.091455057,,,,
15/11/2023 19:53:48.362301,,,0.016872643,-1.092278215,,,,
15/11/2023 19:53:48.372376,,,0.016957766,-1.093275695,,,,
15/11/2023 19:53:48.374982,,,0.016992744,-1.093695275,,,,
15/11/2023 19:53:48.400537,,,,,,,,
15/11/2023 19:53:48.400888,,,,,,,,
15/11/2023 19:53:49.553357,,,0.010784348,-1.113645487,,,,
15/11/2023 19:53:49.597993,,,0.010784298,-1.113645016,,,,
15/11/2023 19:53:49.600697,,,0.010782984,-1.113631756,,,,
15/11/2023 19:53:49.603271,,,0.010778704,-1.113588547,,,,
15/11/2023 19:53:49.653060,,,0.010777938,-1.1135806,,,,
15/11/2023 19:53:49.655948,,,0.010785338,-1.113655511,,,,
15/11/2023 19:53:49.658753,,,0.010786536,-1.113667674,,,,
15/11/2023 19:53:49.713111,,,0.003418092,-1.117522987,,,,
15/11/2023 19:53:49.725105,,,0.003417449,-1.117515644,,,,
15/11/2023 19:53:49.727709,,,0.003416801,-1.11750823,,,,
15/11/2023 19:53:49.757616,,,,,,,,
15/11/2023 19:53:49.757964,,,,,,,,
15/11/2023 19:53:51.180239,,,0.007069218,-1.112957295,,,,
15/11/2023 19:53:51.226085,,,0.007066573,-1.112924821,,,,
15/11/2023 19:53:51.233032,,,0.007077663,-1.113067598,,,,
15/11/2023 19:53:51.278156,,,0.007072252,-1.112996412,,,,
15/11/2023 19:53:51.278558,,,,,,,,
15/11/2023 19:53:51.278852,,,,,,,,
15/11/2023 19:53:51.281670,,,0.007081823,-1.113125421,,,,
15/11/2023 19:53:51.284520,,,0.007064752,-1.112882268,,,,
15/11/2023 19:53:51.313005,,,0.007051391,-1.112676032,,,,
15/11/2023 19:53:51.320250,,,0.007047656,-1.112621943,,,,
15/11/2023 19:53:51.322807,,,0.007034409,-1.112377361,,,,
15/11/2023 19:53:51.325436,,,0.007035175,-1.112398656,,,,
15/11/2023 19:53:51.505116,,,,,,,,
15/11/2023 19:53:51.505467,,,,,,,,
15/11/2023 19:53:52.598362,,,0.012617854,-1.112286729,,,,
15/11/2023 19:53:52.610734,,,0.012610537,-1.11240156,,,,
15/11/2023 19:53:52.628947,,,0.012609982,-1.112423505,,,,
15/11/2023 19:53:52.629718,,,0.012607436,-1.11244294,,,,
15/11/2023 19:53:52.638810,,,0.012607605,-1.112441573,,,,
15/11/2023 19:53:52.646434,,,0.012607801,-1.112440095,,,,
15/11/2023 19:53:52.670045,,,0.012608331,-1.112435349,,,,
15/11/2023 19:53:52.680807,,,0.012608525,-1.112434738,,,,
15/11/2023 19:53:52.683387,,,0.012608671,-1.112433743,,,,
15/11/2023 19:53:52.687750,,,0.012609012,-1.112430777,,,,
15/11/2023 19:53:52.716980,,,,,,,,
15/11/2023 19:53:52.717331,,,,,,,,
15/11/2023 19:53:52.741904,76.9697,30.61,,,99,8.18737152,,
15/11/2023 19:53:53.709133,,,,,,,/IP_10_3_0_8/trolley_parking_service,13630
15/11/2023 19:53:53.849235,,,0.003449369,-1.109494744,,,,
15/11/2023 19:53:53.851017,,,0.003449505,-1.109493866,,,,
15/11/2023 19:53:53.851119,,,,,,,,
15/11/2023 19:53:53.851193,,,,,,,,
15/11/2023 19:53:53.851966,,,0.003449636,-1.109493026,,,,
15/11/2023 19:53:53.859605,,,0.00344976,-1.109492231,,,,
15/11/2023 19:53:53.866372,,,0.003449877,-1.109491476,,,,
15/11/2023 19:53:53.873167,76.9697,30.72,,,97,8.18737152,,
15/11/2023 19:53:53.873485,,,0.003449989,-1.109490758,,,,
15/11/2023 19:53:53.881445,,,0.00345024,-1.109489138,,,,
15/11/2023 19:53:53.900714,,,0.003450278,-1.109488898,,,,
15/11/2023 19:53:53.922406,,,0.003450311,-1.109488687,,,,
15/11/2023 19:53:53.970996,,,0.003450342,-1.109488489,,,,
15/11/2023 19:53:54.129828,,,,,,,,
15/11/2023 19:53:54.173718,,,,,,,,
15/11/2023 19:53:54.218244,,,,,,,,
15/11/2023 19:53:54.243345,,,,,,,,
15/11/2023 19:53:54.265949,,,,,,,,
15/11/2023 19:53:54.323252,,,,,,,,
15/11/2023 19:53:54.365975,,,,,,,,
15/11/2023 19:53:54.396957,,,,,,,,
15/11/2023 19:53:54.440681,,,,,,,,
15/11/2023 19:53:54.477957,,,,,,,,
15/11/2023 19:53:54.478526,,,,,,,,
15/11/2023 19:53:54.715044,76.9697,30.72,,,98.2,8.18737152,,
15/11/2023 19:53:54.978966,,,,,,,,
15/11/2023 19:53:55.164203,,,0.012656868,-1.113268158,,,,
15/11/2023 19:53:55.171558,,,0.012656939,-1.113267832,,,,
15/11/2023 19:53:55.226436,,,0.012657011,-1.113267502,,,,
15/11/2023 19:53:55.254069,,,0.012657075,-1.113267207,,,,
15/11/2023 19:53:55.261415,,,0.012657137,-1.113266926,,,,
15/11/2023 19:53:55.286478,,,0.012657161,-1.113266809,,,,
15/11/2023 19:53:55.296597,,,0.012657226,-1.11326651,,,,
15/11/2023 19:53:55.297380,,,0.012657233,-1.113266477,,,,
15/11/2023 19:53:55.298157,,,0.012657247,-1.113266411,,,,
15/11/2023 19:53:55.313274,,,0.012657261,-1.113266349,,,,
15/11/2023 19:53:55.383387,,,,,,,,
15/11/2023 19:53:55.383501,,,,,,,,
15/11/2023 19:53:56.354193,,,0.006393355,-1.106523927,,,,
15/11/2023 19:53:56.395655,,,0.006393392,-1.106523659,,,,
15/11/2023 19:53:56.448611,,,0.006393384,-1.106523712,,,,
15/11/2023 19:53:56.459109,,,0.006393389,-1.106523679,,,,
15/11/2023 19:53:56.459922,,,0.006393393,-1.106523647,,,,
15/11/2023 19:53:56.463824,,,0.013648194,-1.113164014,,,,
15/11/2023 19:53:56.471780,,,0.013648224,-1.113163908,,,,
15/11/2023 19:53:56.472581,,,0.013648234,-1.11316387,,,,
15/11/2023 19:53:56.475967,,,0.013648272,-1.113163737,,,,
15/11/2023 19:53:56.476733,,,0.013648288,-1.113163679,,,,
15/11/2023 19:53:56.501761,,,,,,,,
15/11/2023 19:53:56.501879,,,,,,,,
15/11/2023 19:53:57.607855,,,0.013648574,-1.113162652,,,,
15/11/2023 19:53:57.610485,,,0.013648589,-1.113162599,,,,
15/11/2023 19:53:57.624409,,,0.013648593,-1.113162585,,,,
15/11/2023 19:53:57.670934,,,0.013648596,-1.113162573,,,,
15/11/2023 19:53:57.690595,,,0.01364861,-1.113162526,,,,
15/11/2023 19:53:57.693497,,,0.013648612,-1.113162516,,,,
15/11/2023 19:53:57.693844,,,,,,,,
15/11/2023 19:53:57.694105,,,,,,,,
15/11/2023 19:53:57.696680,,,0.013648625,-1.113162471,,,,
15/11/2023 19:53:57.699269,,,0.013648627,-1.113162463,,,,
15/11/2023 19:53:57.701782,,,0.013648659,-1.113162351,,,,
15/11/2023 19:53:57.704358,,,0.013648669,-1.113162313,,,,
15/11/2023 19:53:58.975639,,,0.004111999,-1.107550261,,,,
15/11/2023 19:53:58.989222,,,0.004111998,-1.10755025,,,,
15/11/2023 19:53:59.143031,,,0.004111997,-1.107550228,,,,
15/11/2023 19:53:59.145638,,,0.004111997,-1.107550221,,,,
15/11/2023 19:53:59.148274,,,0.004111997,-1.107550215,,,,
15/11/2023 19:53:59.150838,,,0.004111995,-1.107550192,,,,
15/11/2023 19:53:59.153453,,,0.004111995,-1.107550185,,,,
15/11/2023 19:53:59.156057,,,0.00977601,-1.111146884,,,,
15/11/2023 19:53:59.203925,,,,,,,,
15/11/2023 19:53:59.204232,,,,,,,,
15/11/2023 19:53:59.706238,,,0.004111998,-1.107550239,,,,
15/11/2023 19:53:59.905401,,,0.004111998,-1.107550235,,,,
15/11/2023 19:53:59.909022,,,,,,,,
15/11/2023 19:53:59.911582,,,,,,,,
15/11/2023 19:54:00.267448,,,0.009776113,-1.111146613,,,,
15/11/2023 19:54:00.325756,,,0.009776117,-1.111146604,,,,
15/11/2023 19:54:00.328346,,,0.00977612,-1.111146595,,,,
15/11/2023 19:54:00.395725,,,0.009776123,-1.111146588,,,,
15/11/2023 19:54:00.398299,,,0.009776136,-1.111146554,,,,
15/11/2023 19:54:00.400884,,,0.022325047,-1.114825304,,,,
15/11/2023 19:54:00.403406,,,0.022325105,-1.114825302,,,,
15/11/2023 19:54:00.405982,,,0.022325127,-1.114825302,,,,
15/11/2023 19:54:00.408548,,,0.022325164,-1.1148253,,,,
15/11/2023 19:54:00.411079,,,0.022325244,-1.114825297,,,,
15/11/2023 19:54:00.527636,,,,,,,,
15/11/2023 19:54:00.527987,,,,,,,,
15/11/2023 19:54:01.750468,,,0.022325632,-1.114825284,,,,
15/11/2023 19:54:01.753070,,,0.009925958,-1.108905936,,,,
15/11/2023 19:54:01.793015,,,0.00992595,-1.108905928,,,,
15/11/2023 19:54:01.807640,,,0.009925935,-1.108905913,,,,
15/11/2023 19:54:01.820012,,,0.009925928,-1.108905905,,,,
15/11/2023 19:54:01.892798,,,0.009925914,-1.10890589,,,,
15/11/2023 19:54:01.895395,,,0.009925901,-1.108905876,,,,
15/11/2023 19:54:01.920336,,,0.009925889,-1.108905863,,,,
15/11/2023 19:54:01.920680,,,,,,,,
15/11/2023 19:54:01.921793,,,,,,,,
15/11/2023 19:54:01.923607,,,0.009925877,-1.108905851,,,,
15/11/2023 19:54:01.925460,,,0.009925849,-1.108905821,,,,
15/11/2023 19:54:03.207810,,,0.009925696,-1.108905659,,,,
15/11/2023 19:54:03.208213,,,,,,,,
15/11/2023 19:54:03.208503,,,,,,,,
15/11/2023 19:54:03.211107,,,0.009925696,-1.10890566,,,,
15/11/2023 19:54:03.252734,,,0.026193098,-1.113774693,,,,
15/11/2023 19:54:03.255314,,,0.026193139,-1.113774701,,,,
15/11/2023 19:54:03.257892,,,0.026193176,-1.113774707,,,,
15/11/2023 19:54:03.295245,,,0.026193213,-1.113774714,,,,
15/11/2023 19:54:03.300559,,,0.026193253,-1.113774721,,,,
15/11/2023 19:54:03.310124,,,0.026193291,-1.113774728,,,,
15/11/2023 19:54:03.319725,76.9697,30.25,,,97.6,8.18737152,,
15/11/2023 19:54:03.320585,,,0.026193297,-1.113774729,,,,
15/11/2023 19:54:03.323126,,,0.026193308,-1.113774731,,,,
15/11/2023 19:54:03.392296,76.9697,30.38,,,97,8.18737152,,
15/11/2023 19:54:03.392709,,,,,,,,
15/11/2023 19:54:03.392989,,,,,,,,
15/11/2023 19:54:04.630736,,,0.004812247,-1.109741862,,,,
15/11/2023 19:54:04.633616,,,0.00481224,-1.109741861,,,,
15/11/2023 19:54:04.636485,,,0.004812234,-1.109741859,,,,
15/11/2023 19:54:04.639268,,,0.004812228,-1.109741858,,,,
15/11/2023 19:54:04.641951,,,0.00481222,-1.109741857,,,,
15/11/2023 19:54:04.660099,,,0.004812212,-1.109741855,,,,
15/11/2023 19:54:04.664370,,,0.00481221,-1.109741854,,,,
15/11/2023 19:54:04.666537,76.9697,30.38,,,98.2,8.18737152,,
15/11/2023 19:54:04.672355,,,0.004812205,-1.109741853,,,,
15/11/2023 19:54:04.681953,,,0.004812201,-1.109741852,,,,
15/11/2023 19:54:04.684545,,,0.014977775,-1.110435396,,,,
15/11/2023 19:54:04.768894,,,,,,,,
15/11/2023 19:54:04.769006,,,,,,,,
15/11/2023 19:54:06.109995,,,0.00611276,-1.106966986,,,,
15/11/2023 19:54:06.138805,,,0.006112744,-1.106966977,,,,
15/11/2023 19:54:06.165069,,,0.006112708,-1.106966959,,,,
15/11/2023 19:54:06.177754,,,,,,,/IP_10_3_0_8/release_trolley,12466
15/11/2023 19:54:06.245359,,,,,,,/IP_10_3_0_8/rosping_service,9302
15/11/2023 19:54:06.433052,,,0.006112686,-1.106966948,,,,
15/11/2023 19:54:06.437358,,,,,,,,
15/11/2023 19:54:06.437812,,,,,,,,
15/11/2023 19:54:06.438192,,,,,,,,
15/11/2023 19:54:06.440238,,,,,,,,
15/11/2023 19:54:06.533334,,,0.006112685,-1.106966947,,,,
15/11/2023 19:54:06.561944,,,0.006112673,-1.106966941,,,,
15/11/2023 19:54:06.587908,,,0.00611266,-1.106966934,,,,
15/11/2023 19:54:06.614006,,,0.006112649,-1.106966928,,,,
15/11/2023 19:54:06.639782,,,0.006112621,-1.106966914,,,,
15/11/2023 19:54:06.665183,,,0.006112623,-1.106966915,,,,
15/11/2023 19:54:07.616543,,,0.022202021,-1.082440978,,,,
15/11/2023 19:54:07.617343,,,0.023647143,-1.074487742,,,,
15/11/2023 19:54:07.618120,,,0.025228268,-1.065793992,,,,
15/11/2023 19:54:07.618883,,,0.027725708,-1.052109387,,,,
15/11/2023 19:54:07.623245,,,0.029510447,-1.042340776,,,,
15/11/2023 19:54:07.623353,,,,,,,,
15/11/2023 19:54:07.644203,,,0.03121423,-1.033046723,,,,
15/11/2023 19:54:07.644377,,,,,,,,
15/11/2023 19:54:07.695836,,,0.032920311,-1.023750782,,,,
15/11/2023 19:54:07.696126,,,,,,,,
15/11/2023 19:54:07.754476,,,0.034687225,-1.014134442,,,,
15/11/2023 19:54:07.755096,,,,,,,,
15/11/2023 19:54:07.831950,,,0.037142797,-1.000831067,,,,
15/11/2023 19:54:07.832562,,,,,,,,
15/11/2023 19:54:07.866132,,,0.038984669,-0.990861006,,,,
15/11/2023 19:54:07.866753,,,,,,,,
15/11/2023 19:54:07.956277,,,,,,,,
15/11/2023 19:54:07.982586,,,,,,,,
15/11/2023 19:54:08.160539,,,,,,,,
15/11/2023 19:54:08.161106,,,,,,,,
15/11/2023 19:54:08.172786,,,,,,,,
15/11/2023 19:54:08.931139,,,,,,,,
15/11/2023 19:54:09.100854,,,0.057728471,-0.828693198,,,,
15/11/2023 19:54:09.103553,,,0.059603943,-0.81892095,,,,
15/11/2023 19:54:09.112768,,,0.061469126,-0.809223183,,,,
15/11/2023 19:54:09.127805,,,,,,,,
15/11/2023 19:54:09.128197,,,,,,,,
15/11/2023 19:54:09.130197,,,0.063379429,-0.799349511,,,,
15/11/2023 19:54:09.171829,,,0.065314798,-0.789358231,,,,
15/11/2023 19:54:09.172767,,,0.067214017,-0.779541093,,,,
15/11/2023 19:54:09.173620,,,0.070047822,-0.764913373,,,,
15/11/2023 19:54:09.174469,,,0.071937288,-0.755161236,,,,
15/11/2023 19:54:09.207945,,,0.073870346,-0.745203611,,,,
15/11/2023 19:54:09.227874,,,0.075789782,-0.735321044,,,,
15/11/2023 19:54:09.512681,,,,,,,,
15/11/2023 19:54:09.515087,,,,,,,,
15/11/2023 19:54:09.797223,,,,,,,/IP_10_3_0_8/reverse_robot,3116
15/11/2023 19:54:11.121636,,,0.1217007,-0.380078563,,,,
15/11/2023 19:54:11.136544,,,0.11909305,-0.363838627,,,,
15/11/2023 19:54:11.152779,,,0.116042185,-0.347409548,,,,
15/11/2023 19:54:11.165378,,,0.112477786,-0.331004854,,,,
15/11/2023 19:54:11.185327,,,0.108273177,-0.314281287,,,,
15/11/2023 19:54:11.193174,,,0.103668608,-0.297959257,,,,
15/11/2023 19:54:11.195787,,,0.096175091,-0.273913066,,,,
15/11/2023 19:54:11.198499,,,0.090547536,-0.258283532,,,,
15/11/2023 19:54:11.201097,,,0.08447043,-0.243174838,,,,
15/11/2023 19:54:11.203694,,,0.078224537,-0.228650665,,,,
15/11/2023 19:54:11.340220,,,,,,,,
15/11/2023 19:54:11.405711,,,,,,,,
15/11/2023 19:54:11.434584,,,,,,,,
15/11/2023 19:54:11.472067,,,,,,,,
15/11/2023 19:54:11.472615,,,,,,,,
15/11/2023 19:54:11.474909,,,,,,,,
15/11/2023 19:54:11.475253,,,,,,,,
15/11/2023 19:54:12.844175,,,0.013233683,-0.061487783,,,,
15/11/2023 19:54:12.847104,,,0.014094795,-0.061803442,,,,
15/11/2023 19:54:12.893272,,,0.016352543,-0.062556031,,,,
15/11/2023 19:54:12.909057,,,0.018954169,-0.063209707,,,,
15/11/2023 19:54:12.967281,,,0.022285724,-0.063875851,,,,
15/11/2023 19:54:12.971874,,,0.026300196,-0.064536605,,,,
15/11/2023 19:54:13.135216,,,,,,,,
15/11/2023 19:54:13.135623,,,,,,,,
15/11/2023 19:54:13.164551,,,0.030639611,-0.06512172,,,,
15/11/2023 19:54:13.229175,,,0.04201444,-0.06601489,,,,
15/11/2023 19:54:13.245119,76.9697,31.15,,,97.7,8.18737152,,
15/11/2023 19:54:13.245560,,,,,,,,
15/11/2023 19:54:13.245759,,,0.036052661,-0.065659479,,,,
15/11/2023 19:54:13.245845,,,,,,,,
15/11/2023 19:54:13.506066,,,0.048860087,-0.066208864,,,,
15/11/2023 19:54:14.269200,,,0.306568561,0.113882733,,,,
15/11/2023 19:54:14.269645,76.9697,31.09,,,96.4,8.18737152,,
15/11/2023 19:54:14.273189,,,0.319324988,0.116295987,,,,
15/11/2023 19:54:14.276047,,,0.344871301,0.121160908,,,,
15/11/2023 19:54:14.278630,,,0.370659799,0.126107579,,,,
15/11/2023 19:54:14.281194,,,0.396483854,0.131082668,,,,
15/11/2023 19:54:14.294682,,,0.1021842,0.194067089,,,,
15/11/2023 19:54:14.299818,,,0.124007712,0.209565882,,,,
15/11/2023 19:54:14.343399,,,0.157425589,0.233326211,,,,
15/11/2023 19:54:14.346096,,,0.179365101,0.248944788,,,,
15/11/2023 19:54:14.348656,,,0.20134234,0.264628288,,,,
15/11/2023 19:54:14.487196,76.9697,31.09,,,96.9,8.18737152,,
15/11/2023 19:54:14.560402,,,,,,,,
15/11/2023 19:54:14.560760,,,,,,,,
15/11/2023 19:54:15.781876,,,0.742568178,0.67257854,,,,
15/11/2023 19:54:15.782676,,,0.765255105,0.695728211,,,,
15/11/2023 19:54:15.788177,,,0.788944563,0.724532704,,,,
15/11/2023 19:54:15.854298,,,0.848938118,0.792038615,,,,
15/11/2023 19:54:15.855420,,,0.861823397,0.803553862,,,,
15/11/2023 19:54:15.856457,,,0.877184013,0.818155368,,,,
15/11/2023 19:54:15.857392,,,0.885344108,0.826872953,,,,
15/11/2023 19:54:15.895591,,,0.895341611,0.838073642,,,,
15/11/2023 19:54:15.923223,,,0.909247912,0.855004642,,,,
15/11/2023 19:54:15.923650,,,,,,,,
15/11/2023 19:54:15.925181,,,,,,,,
15/11/2023 19:54:15.927798,,,0.920297281,0.870801948,,,,
15/11/2023 19:54:17.198210,,,1.069578276,1.131362109,,,,
15/11/2023 19:54:17.250927,,,1.070089462,1.123348987,,,,
15/11/2023 19:54:17.251292,,,,,,,,
15/11/2023 19:54:17.251598,,,,,,,,
15/11/2023 19:54:17.300182,,,1.071210256,1.11265854,,,,
15/11/2023 19:54:17.302784,,,1.07218316,1.105546524,,,,
15/11/2023 19:54:17.307825,,,1.073572412,1.097802207,,,,
15/11/2023 19:54:17.310437,,,1.07512865,1.090156578,,,,
15/11/2023 19:54:17.355380,,,1.077003002,1.082435531,,,,
15/11/2023 19:54:17.365550,,,1.079005406,1.074838037,,,,
15/11/2023 19:54:17.368358,,,1.081220161,1.067081693,,,,
15/11/2023 19:54:17.377720,,,1.083742102,1.058676116,,,,
15/11/2023 19:54:17.567390,,,,,,,,
15/11/2023 19:54:17.569750,,,,,,,,
15/11/2023 19:54:19.113011,,,1.088931205,1.110175559,,,,
15/11/2023 19:54:19.130726,,,1.088951034,1.110174305,,,,
15/11/2023 19:54:19.148073,,,1.0889701,1.110173083,,,,
15/11/2023 19:54:19.158739,,,1.088989285,1.110171773,,,,
15/11/2023 19:54:19.159095,,,,,,,,
15/11/2023 19:54:19.159355,,,,,,,,
15/11/2023 19:54:19.161981,,,1.089006147,1.110170728,,,,
15/11/2023 19:54:19.164447,,,1.0890223,1.110169706,,,,
15/11/2023 19:54:19.166773,,,1.089038913,1.110169407,,,,
15/11/2023 19:54:19.252825,,,,,,,,
15/11/2023 19:54:19.253207,,,,,,,,
15/11/2023 19:54:19.608407,,,1.08926445,1.110107819,,,,
15/11/2023 19:54:19.828927,,,1.088973221,1.110165935,,,,
15/11/2023 19:54:19.855320,,,1.088927746,1.110173707,,,,
15/11/2023 19:54:20.490156,,,1.094370258,1.105273545,,,,
15/11/2023 19:54:20.492782,,,1.094369938,1.105273923,,,,
15/11/2023 19:54:20.495345,,,1.094376664,1.105273835,,,,
15/11/2023 19:54:20.497938,,,1.094382989,1.105273756,,,,
15/11/2023 19:54:20.502582,,,1.094389005,1.105273681,,,,
15/11/2023 19:54:20.507373,,,1.094394717,1.10527361,,,,
15/11/2023 19:54:20.535403,,,1.094400271,1.105273532,,,,
15/11/2023 19:54:20.547620,,,1.09440538,1.105273473,,,,
15/11/2023 19:54:20.550035,,,1.094422356,1.105272304,,,,
15/11/2023 19:54:20.552633,,,1.094419916,1.105273253,,,,
15/11/2023 19:54:20.694878,,,,,,,,
15/11/2023 19:54:20.695231,,,,,,,,
15/11/2023 19:54:21.472387,,,,,,,/IP_10_3_0_8/move_robot,11669
15/11/2023 19:54:22.131588,,,1.098688998,1.101710353,,,,
15/11/2023 19:54:22.132382,,,1.098691102,1.101710308,,,,
15/11/2023 19:54:22.133086,,,1.098692941,1.101710274,,,,
15/11/2023 19:54:22.179138,,,1.098694682,1.101710243,,,,
15/11/2023 19:54:22.179953,,,1.098696342,1.101710213,,,,
15/11/2023 19:54:22.181449,,,1.098697919,1.101710185,,,,
15/11/2023 19:54:22.181552,,,,,,,,
15/11/2023 19:54:22.181628,,,,,,,,
15/11/2023 19:54:22.182396,,,1.101058078,1.099730707,,,,
15/11/2023 19:54:22.183169,,,1.101063721,1.099730358,,,,
15/11/2023 19:54:22.271301,,,,,,,,
15/11/2023 19:54:22.291866,,,,,,,,
15/11/2023 19:54:22.313960,,,,,,,,
15/11/2023 19:54:22.331264,,,,,,,,
15/11/2023 19:54:22.407243,,,,,,,,
15/11/2023 19:54:22.482655,,,,,,,,
15/11/2023 19:54:22.542659,,,,,,,,
15/11/2023 19:54:22.600145,,,,,,,,
15/11/2023 19:54:22.655135,,,,,,,,
15/11/2023 19:54:22.712480,,,,,,,,
15/11/2023 19:54:22.739648,,,1.098690447,1.101710007,,,,
15/11/2023 19:54:22.747720,,,1.098689726,1.101710184,,,,
15/11/2023 19:54:22.809663,,,,,,,,
15/11/2023 19:54:22.809833,,,,,,,,
15/11/2023 19:54:24.156848,76.9697,30.87,,,96.7,8.18737152,,
15/11/2023 19:54:24.157394,,,,,,,,
15/11/2023 19:54:24.157645,,,,,,,,
15/11/2023 19:54:24.208009,76.9697,30.87,,,94.6,8.18737152,,
15/11/2023 19:54:24.208400,,,,,,,,
15/11/2023 19:54:24.231393,76.9697,31.07,,,96.3,8.18737152,,
15/11/2023 19:54:24.240556,,,,,,,,
15/11/2023 19:54:24.240867,,,,,,,,
15/11/2023 19:54:24.246694,,,1.102649328,1.098420017,,,,
15/11/2023 19:54:24.306796,,,1.102649957,1.098419998,,,,
15/11/2023 19:54:24.425803,,,1.102649903,1.098420006,,,,
15/11/2023 19:54:24.452192,,,1.102650599,1.098419977,,,,
15/11/2023 19:54:24.575086,,,1.10265126,1.09841995,,,,
15/11/2023 19:54:24.717457,,,1.102651944,1.098419921,,,,
15/11/2023 19:54:24.728874,,,1.102652489,1.098419899,,,,
15/11/2023 19:54:24.740650,,,1.102653057,1.098419875,,,,
15/11/2023 19:54:24.752060,,,1.102654896,1.098419784,,,,
15/11/2023 19:54:24.763733,,,1.102655437,1.098419762,,,,
15/11/2023 19:54:24.990078,,,,,,,,
15/11/2023 19:54:26.110639,,,1.104134413,1.097172237,,,,
15/11/2023 19:54:26.123044,,,1.104134608,1.097172227,,,,
15/11/2023 19:54:26.130718,,,1.104135203,1.097172197,,,,
15/11/2023 19:54:26.133363,,,1.104135371,1.097172188,,,,
15/11/2023 19:54:26.142906,,,1.10413533,1.097172191,,,,
15/11/2023 19:54:26.145556,,,1.104135471,1.097172184,,,,
15/11/2023 19:54:26.170201,,,,,,,,
15/11/2023 19:54:26.266870,,,1.1041335,1.097172283,,,,
15/11/2023 19:54:26.338837,,,,,,,,
15/11/2023 19:54:26.339411,,,,,,,,
15/11/2023 19:54:26.360381,,,,,,,,
15/11/2023 19:54:26.522799,,,,,,,,
15/11/2023 19:54:26.522983,,,,,,,,
15/11/2023 19:54:26.675921,,,1.104133739,1.097172271,,,,
15/11/2023 19:54:26.697175,,,1.104133969,1.097172259,,,,
15/11/2023 19:54:26.978052,,,1.104134207,1.097172247,,,,
15/11/2023 19:54:28.171138,,,1.104658264,1.096726158,,,,
15/11/2023 19:54:28.240955,,,1.104658304,1.096726156,,,,
15/11/2023 19:54:28.293200,,,1.104658347,1.096726154,,,,
15/11/2023 19:54:28.295918,,,1.104658387,1.096726152,,,,
15/11/2023 19:54:28.342913,,,1.104658429,1.096726149,,,,
15/11/2023 19:54:28.345577,,,1.104658647,1.096726137,,,,
15/11/2023 19:54:28.348185,,,1.104658529,1.096726144,,,,
15/11/2023 19:54:28.377806,,,1.104658497,1.096726146,,,,
15/11/2023 19:54:28.397709,,,1.104773512,1.096626568,,,,
15/11/2023 19:54:28.398143,,,,,,,,
15/11/2023 19:54:28.453441,,,1.104773631,1.096626561,,,,
15/11/2023 19:54:28.453654,,,,,,,,
15/11/2023 19:54:28.453758,,,,,,,,
15/11/2023 19:54:28.510214,,,,,,,,
15/11/2023 19:54:28.560336,,,,,,,,
15/11/2023 19:54:28.560547,,,,,,,,
15/11/2023 19:54:29.974355,,,1.104848555,1.096562069,,,,
15/11/2023 19:54:29.977317,,,1.104848638,1.096562064,,,,
15/11/2023 19:54:30.120527,,,1.104848659,1.096562062,,,,
15/11/2023 19:54:30.121018,,,,,,,,
15/11/2023 19:54:30.121274,,,,,,,,
15/11/2023 19:54:30.123825,,,1.104848673,1.096562062,,,,
15/11/2023 19:54:30.126418,,,1.104848687,1.096562061,,,,
15/11/2023 19:54:30.129074,,,1.104848682,1.096562061,,,,
15/11/2023 19:54:30.131749,,,1.104848677,1.096562061,,,,
15/11/2023 19:54:30.173271,,,,,,,,
15/11/2023 19:54:30.236257,,,1.104848629,1.096562064,,,,
15/11/2023 19:54:30.250833,,,,,,,,
15/11/2023 19:54:30.251134,,,,,,,,
15/11/2023 19:54:30.265274,,,1.104848644,1.096562063,,,,
15/11/2023 19:54:30.683362,,,1.104848686,1.096562061,,,,
15/11/2023 19:54:30.688193,,,,,,,,
15/11/2023 19:54:31.781435,,,1.104898178,1.096519064,,,,
15/11/2023 19:54:31.784354,,,1.104898177,1.096519064,,,,
15/11/2023 19:54:31.787177,,,1.104898176,1.096519064,,,,
15/11/2023 19:54:31.789818,,,1.104898175,1.096519064,,,,
15/11/2023 19:54:31.792444,,,1.104898173,1.096519065,,,,
15/11/2023 19:54:31.795008,,,1.104898173,1.096519065,,,,
15/11/2023 19:54:31.833076,,,1.104898172,1.096519065,,,,
15/11/2023 19:54:31.834630,,,,,,,,
15/11/2023 19:54:31.898328,,,1.104898171,1.096519065,,,,
15/11/2023 19:54:31.901242,,,1.10489817,1.096519065,,,,
15/11/2023 19:54:31.903880,,,1.104898169,1.096519065,,,,
15/11/2023 19:54:31.914660,,,,,,,,
15/11/2023 19:54:31.915048,,,,,,,,
15/11/2023 19:54:31.992954,,,,,,,,
15/11/2023 19:54:33.406857,,,1.104940027,1.096482488,,,,
15/11/2023 19:54:33.453650,,,1.104940028,1.096482488,,,,
15/11/2023 19:54:33.454129,,,,,,,,
15/11/2023 19:54:33.454413,,,,,,,,
15/11/2023 19:54:33.457015,,,1.104940029,1.096482488,,,,
15/11/2023 19:54:33.503160,,,1.104940029,1.096482488,,,,
15/11/2023 19:54:33.505825,,,1.10494003,1.096482488,,,,
15/11/2023 19:54:33.553207,,,1.104940031,1.096482488,,,,
15/11/2023 19:54:33.605453,,,1.104940041,1.096482487,,,,
15/11/2023 19:54:33.608064,,,1.104940039,1.096482487,,,,
15/11/2023 19:54:33.610621,,,1.104940039,1.096482487,,,,
15/11/2023 19:54:33.650536,76.9697,30.44,,,97.5,8.18737152,,
15/11/2023 19:54:33.651440,,,1.10494004,1.096482487,,,,
15/11/2023 19:54:33.700458,,,,,,,,
15/11/2023 19:54:33.756068,76.9697,31.26,,,97.3,8.18737152,,
15/11/2023 19:54:33.756723,,,,,,,,
15/11/2023 19:54:33.757028,,,,,,,,
15/11/2023 19:54:35.968071,,,1.104950336,1.096473487,,,,
15/11/2023 19:54:35.968313,,,,,,,,
15/11/2023 19:54:36.145205,76.9697,31.26,,,96.5,8.18737152,,
15/11/2023 19:54:36.145727,,,1.104950336,1.096473487,,,,
15/11/2023 19:54:36.145830,,,,,,,,
15/11/2023 19:54:36.313022,,,1.104950336,1.096473487,,,,
15/11/2023 19:54:36.313636,,,,,,,,
